Workbook

Sheet 26년 1월 유효회원
A1: .
B2: 1월 | C2: 유효회원 | D2: 남 | E2: 여 | F2: 만료회원 | G2: 남 | H2: 여
C3: =COUNTIF($K:$K,"유효") -> 159 | D3: =COUNTIFS($K:$K,"유효",$C:$C,"남") -> 33 | E3: =COUNTIFS($K:$K,"유효",$C:$C,"여") -> 126 | F3: =COUNTIF($L:$L,"만료") -> 5 | G3: =COUNTIFS($L:$L,"만료",$C:$C,"남") -> 1 | H3: =COUNTIFS($L:$L,"만료",$C:$C,"여") -> 4
K4: 46023 | L4: 46053
B5: 이름 | C5: 성별 | D5: 전화번호 | E5: 등록 개월 | F5: 접수일 | G5: 시작일 | H5: 종료일 | I5: 출석수 | J5: 출석률 | K5: 유효회원 | L5: 만료회원 | M5: 배정선생님 | N5: 피트릭스 | O5: 인바디 | P5: 1주차 | R5: 2주차 | T5: 3주차 | V5: 4주차 | X5: 5주차
B6: 김정숙 | C6: 여 | D6: 010-7197-6510 | E6: FPT 6개월 | F6: 45834 | G6: 45859 | H6: 46112 | I6: =VLOOKUP(B6,'26년 1월 출석표'!$B$7:$D$500,3,0) -> 2 | J6: =ifna(I6/21,0) -> #NAME? | K6: =IF(AND(G6<=$L$4,H6>=$K$4),"유효","") -> 유효 | L6: =IF(AND(H6>=$K$4,H6<=$L$4),"만료","") | N6: FALSE | O6: FALSE | P6: =VLOOKUP($B6,'26년 1월 출석표'!$B$2:$BQ$497,10,0)/1 -> 0 | R6: =VLOOKUP($B6,'26년 1월 출석표'!$B$2:$BQ$497,24,0)/5 -> 0.4 | T6: =VLOOKUP($B6,'26년 1월 출석표'!$B$2:$BQ$497,38,0)/5 -> 0 | V6: =VLOOKUP($B6,'26년 1월 출석표'!$B$2:$BQ$497,52,0)/5 -> 0 | X6: =VLOOKUP($B6,'26년 1월 출석표'!$B$2:$BQ$503,66,0)/5 -> 0
B7: 신하영 | C7: 여 | D7: 010-7406-1778 | E7: FPT 6개월 | F7: 45834 | G7: 45951 | H7: 46192 | I7: =VLOOKUP(B7,'26년 1월 출석표'!$B$7:$D$500,3,0) -> 0 | J7: =ifna(I7/21,0) -> #NAME? | K7: =IF(AND(G7<=$L$4,H7>=$K$4),"유효","") -> 유효 | L7: =IF(AND(H7>=$K$4,H7<=$L$4),"만료","") | N7: FALSE | O7: FALSE | P7: =VLOOKUP($B7,'26년 1월 출석표'!$B$2:$BQ$497,10,0)/1 -> 0 | R7: =VLOOKUP($B7,'26년 1월 출석표'!$B$2:$BQ$497,24,0)/5 -> 0 | T7: =VLOOKUP($B7,'26년 1월 출석표'!$B$2:$BQ$497,38,0)/5 -> 0 | V7: =VLOOKUP($B7,'26년 1월 출석표'!$B$2:$BQ$497,52,0)/5 -> 0 | X7: =VLOOKUP($B7,'26년 1월 출석표'!$B$2:$BQ$503,66,0)/5 -> 0
B8: 정지우 | C8: 여 | D8: 010-4703-7598 | E8: FPT 9개월 | F8: 45834 | G8: 45962 | H8: 46249 | I8: =VLOOKUP(B8,'26년 1월 출석표'!$B$7:$D$500,3,0) -> 3 | J8: =ifna(I8/21,0) -> #NAME? | K8: =IF(AND(G8<=$L$4,H8>=$K$4),"유효","") -> 유효 | L8: =IF(AND(H8>=$K$4,H8<=$L$4),"만료","") | N8: TRUE | O8: TRUE | P8: =VLOOKUP($B8,'26년 1월 출석표'!$B$2:$BQ$497,10,0)/1 -> 0 | R8: =VLOOKUP($B8,'26년 1월 출석표'!$B$2:$BQ$497,24,0)/5 -> 0.6 | T8: =VLOOKUP($B8,'26년 1월 출석표'!$B$2:$BQ$497,38,0)/5 -> 0 | V8: =VLOOKUP($B8,'26년 1월 출석표'!$B$2:$BQ$497,52,0)/5 -> 0 | X8: =VLOOKUP($B8,'26년 1월 출석표'!$B$2:$BQ$503,66,0)/5 -> 0
B9: 곽상희 | C9: 여 | D9: 010-8751-6220 | E9: FPT 12개월 | F9: 45835 | G9: 45859 | H9: 46223 | I9: =VLOOKUP(B9,'26년 1월 출석표'!$B$7:$D$500,3,0) -> 0 | J9: =ifna(I9/21,0) -> #NAME? | K9: =IF(AND(G9<=$L$4,H9>=$K$4),"유효","") -> 유효 | L9: =IF(AND(H9>=$K$4,H9<=$L$4),"만료","") | N9: FALSE | O9: FALSE | P9: =VLOOKUP($B9,'26년 1월 출석표'!$B$2:$BQ$497,10,0)/1 -> 0 | R9: =VLOOKUP($B9,'26년 1월 출석표'!$B$2:$BQ$497,24,0)/5 -> 0 | T9: =VLOOKUP($B9,'26년 1월 출석표'!$B$2:$BQ$497,38,0)/5 -> 0 | V9: =VLOOKUP($B9,'26년 1월 출석표'!$B$2:$BQ$497,52,0)/5 -> 0 | X9: =VLOOKUP($B9,'26년 1월 출석표'!$B$2:$BQ$503,66,0)/5 -> 0
B10: 임성빈 | C10: 남 | D10: 010-5238-4621 | E10: FPT 12개월 | F10: 45835 | G10: 45859 | H10: 46223 | I10: =VLOOKUP(B10,'26년 1월 출석표'!$B$7:$D$500,3,0) -> 0 | J10: =ifna(I10/21,0) -> #NAME? | K10: =IF(AND(G10<=$L$4,H10>=$K$4),"유효","") -> 유효 | L10: =IF(AND(H10>=$K$4,H10<=$L$4),"만료","") | N10: FALSE | O10: FALSE | P10: =VLOOKUP($B10,'26년 1월 출석표'!$B$2:$BQ$497,10,0)/1 -> 0 | R10: =VLOOKUP($B10,'26년 1월 출석표'!$B$2:$BQ$497,24,0)/5 -> 0 | T10: =VLOOKUP($B10,'26년 1월 출석표'!$B$2:$BQ$497,38,0)/5 -> 0 | V10: =VLOOKUP($B10,'26년 1월 출석표'!$B$2:$BQ$497,52,0)/5 -> 0 | X10: =VLOOKUP($B10,'26년 1월 출석표'!$B$2:$BQ$503,66,0)/5 -> 0
B11: 이난영 | C11: 여 | D11: 010-5673-8991 | E11: FPT 6개월 | F11: 45838 | G11: 45859 | H11: 46132 | I11: =VLOOKUP(B11,'26년 1월 출석표'!$B$7:$D$500,3,0) -> 0 | J11: =ifna(I11/21,0) -> #NAME? | K11: =IF(AND(G11<=$L$4,H11>=$K$4),"유효","") -> 유효 | L11: =IF(AND(H11>=$K$4,H11<=$L$4),"만료","") | N11: FALSE | O11: FALSE | P11: =VLOOKUP($B11,'26년 1월 출석표'!$B$2:$BQ$497,10,0)/1 -> 0 | R11: =VLOOKUP($B11,'26년 1월 출석표'!$B$2:$BQ$497,24,0)/5 -> 0 | T11: =VLOOKUP($B11,'26년 1월 출석표'!$B$2:$BQ$497,38,0)/5 -> 0 | V11: =VLOOKUP($B11,'26년 1월 출석표'!$B$2:$BQ$497,52,0)/5 -> 0 | X11: =VLOOKUP($B11,'26년 1월 출석표'!$B$2:$BQ$503,66,0)/5 -> 0
B12: 이지현 | C12: 여 | D12: 010-9077-6644 | E12: FPT 12개월 | F12: 45838 | G12: 45859 | H12: 46268 | I12: =VLOOKUP(B12,'26년 1월 출석표'!$B$7:$D$500,3,0) -> 2 | J12: =ifna(I12/21,0) -> #NAME? | K12: =IF(AND(G12<=$L$4,H12>=$K$4),"유효","") -> 유효 | L12: =IF(AND(H12>=$K$4,H12<=$L$4),"만료","") | N12: FALSE | O12: FALSE | P12: =VLOOKUP($B12,'26년 1월 출석표'!$B$2:$BQ$497,10,0)/1 -> 0 | R12: =VLOOKUP($B12,'26년 1월 출석표'!$B$2:$BQ$497,24,0)/5 -> 0.4 | T12: =VLOOKUP($B12,'26년 1월 출석표'!$B$2:$BQ$497,38,0)/5 -> 0 | V12: =VLOOKUP($B12,'26년 1월 출석표'!$B$2:$BQ$497,52,0)/5 -> 0 | X12: =VLOOKUP($B12,'26년 1월 출석표'!$B$2:$BQ$503,66,0)/5 -> 0
B13: 정유찬 | C13: 남 | D13: 010-5923-3791 | E13: FPT 6개월 | F13: 45839 | G13: 45859 | H13: 46057 | I13: =VLOOKUP(B13,'26년 1월 출석표'!$B$7:$D$500,3,0) -> 4 | J13: =ifna(I13/21,0) -> #NAME? | K13: =IF(AND(G13<=$L$4,H13>=$K$4),"유효","") -> 유효 | L13: =IF(AND(H13>=$K$4,H13<=$L$4),"만료","") | N13: FALSE | O13: FALSE | P13: =VLOOKUP($B13,'26년 1월 출석표'!$B$2:$BQ$497,10,0)/1 -> 0 | R13: =VLOOKUP($B13,'26년 1월 출석표'!$B$2:$BQ$497,24,0)/5 -> 0.6 | T13: =VLOOKUP($B13,'26년 1월 출석표'!$B$2:$BQ$497,38,0)/5 -> 0.2 | V13: =VLOOKUP($B13,'26년 1월 출석표'!$B$2:$BQ$497,52,0)/5 -> 0 | X13: =VLOOKUP($B13,'26년 1월 출석표'!$B$2:$BQ$503,66,0)/5 -> 0
B14: 전용순 | C14: 여 | D14: 010-8983-3271 | E14: FPT 12개월 | F14: 45839 | G14: 45859 | H14: 46223 | I14: =VLOOKUP(B14,'26년 1월 출석표'!$B$7:$D$500,3,0) -> 6 | J14: =ifna(I14/21,0) -> #NAME? | K14: =IF(AND(G14<=$L$4,H14>=$K$4),"유효","") -> 유효 | L14: =IF(AND(H14>=$K$4,H14<=$L$4),"만료","") | N14: FALSE | O14: FALSE | P14: =VLOOKUP($B14,'26년 1월 출석표'!$B$2:$BQ$497,10,0)/1 -> 1 | R14: =VLOOKUP($B14,'26년 1월 출석표'!$B$2:$BQ$497,24,0)/5 -> 0.8 | T14: =VLOOKUP($B14,'26년 1월 출석표'!$B$2:$BQ$497,38,0)/5 -> 0.2 | V14: =VLOOKUP($B14,'26년 1월 출석표'!$B$2:$BQ$497,52,0)/5 -> 0 | X14: =VLOOKUP($B14,'26년 1월 출석표'!$B$2:$BQ$503,66,0)/5 -> 0
B15: 김용희 | C15: 남 | D15: 010-2950-3381 | E15: FPT 6개월 | F15: 45839 | G15: 45875 | H15: 46239 | I15: =VLOOKUP(B15,'26년 1월 출석표'!$B$7:$D$500,3,0) -> 1 | J15: =ifna(I15/21,0) -> #NAME? | K15: =IF(AND(G15<=$L$4,H15>=$K$4),"유효","") -> 유효 | L15: =IF(AND(H15>=$K$4,H15<=$L$4),"만료","") | N15: FALSE | O15: FALSE | P15: =VLOOKUP($B15,'26년 1월 출석표'!$B$2:$BQ$497,10,0)/1 -> 0 | R15: =VLOOKUP($B15,'26년 1월 출석표'!$B$2:$BQ$497,24,0)/5 -> 0.2 | T15: =VLOOKUP($B15,'26년 1월 출석표'!$B$2:$BQ$497,38,0)/5 -> 0 | V15: =VLOOKUP($B15,'26년 1월 출석표'!$B$2:$BQ$497,52,0)/5 -> 0 | X15: =VLOOKUP($B15,'26년 1월 출석표'!$B$2:$BQ$503,66,0)/5 -> 0
B16: 황서영 | C16: 여 | D16: 010-5457-5827 | E16: FPT 12개월 | F16: 45839 | G16: 45859 | H16: 46240 | I16: =VLOOKUP(B16,'26년 1월 출석표'!$B$7:$D$500,3,0) -> 6 | J16: =ifna(I16/21,0) -> #NAME? | K16: =IF(AND(G16<=$L$4,H16>=$K$4),"유효","") -> 유효 | L16: =IF(AND(H16>=$K$4,H16<=$L$4),"만료","") | N16: FALSE | O16: FALSE | P16: =VLOOKUP($B16,'26년 1월 출석표'!$B$2:$BQ$497,10,0)/1 -> 1 | R16: =VLOOKUP($B16,'26년 1월 출석표'!$B$2:$BQ$497,24,0)/5 -> 0.8 | T16: =VLOOKUP($B16,'26년 1월 출석표'!$B$2:$BQ$497,38,0)/5 -> 0.2 | V16: =VLOOKUP($B16,'26년 1월 출석표'!$B$2:$BQ$497,52,0)/5 -> 0 | X16: =VLOOKUP($B16,'26년 1월 출석표'!$B$2:$BQ$503,66,0)/5 -> 0
B17: 박유나 | C17: 여 | D17: 010-2949-9347 | E17: FPT 9개월 | F17: 45839 | G17: 45859 | H17: 46300 | I17: =VLOOKUP(B17,'26년 1월 출석표'!$B$7:$D$500,3,0) -> 1 | J17: =ifna(I17/21,0) -> #NAME? | K17: =IF(AND(G17<=$L$4,H17>=$K$4),"유효","") -> 유효 | L17: =IF(AND(H17>=$K$4,H17<=$L$4),"만료","") | N17: FALSE | O17: FALSE | P17: =VLOOKUP($B17,'26년 1월 출석표'!$B$2:$BQ$497,10,0)/1 -> 0 | R17: =VLOOKUP($B17,'26년 1월 출석표'!$B$2:$BQ$497,24,0)/5 -> 0 | T17: =VLOOKUP($B17,'26년 1월 출석표'!$B$2:$BQ$497,38,0)/5 -> 0.2 | V17: =VLOOKUP($B17,'26년 1월 출석표'!$B$2:$BQ$497,52,0)/5 -> 0 | X17: =VLOOKUP($B17,'26년 1월 출석표'!$B$2:$BQ$503,66,0)/5 -> 0
... B149: 김혜경 | C149: 여 | D149: 010-4706-6876 | E149: FPT 9개월 | F149: 46018 | G149: 46023 | H149: 46385 | I149: =VLOOKUP(B149,'26년 1월 출석표'!$B$7:$D$500,3,0) -> 1 | J149: =ifna(I149/21,0) -> #NAME? | K149: =IF(AND(G149<=$L$4,H149>=$K$4),"유효","") -> 유효 | L149: =IF(AND(H149>=$K$4,H149<=$L$4),"만료","") | N149: FALSE | O149: FALSE | P149: =VLOOKUP($B149,'26년 1월 출석표'!$B$2:$BQ$497,10,0)/1 -> 0 | R149: =VLOOKUP($B149,'26년 1월 출석표'!$B$2:$BQ$497,24,0)/5 -> 0.2 | T149: =VLOOKUP($B149,'26년 1월 출석표'!$B$2:$BQ$497,38,0)/5 -> 0 | V149: =VLOOKUP($B149,'26년 1월 출석표'!$B$2:$BQ$497,52,0)/5 -> 0 | X149: =VLOOKUP($B149,'26년 1월 출석표'!$B$2:$BQ$503,66,0)/5 -> 0
B150: 이소윤 | C150: 여 | D150: 010-2627-9028 | E150: FPT 횟수권 | F150: 46018 | G150: 46018 | H150: - | I150: =VLOOKUP(B150,'26년 1월 출석표'!$B$7:$D$500,3,0) -> 0 | J150: =ifna(I150/21,0) -> #NAME? | K150: =IF(AND(G150<=$L$4,H150>=$K$4),"유효","") -> 유효 | L150: =IF(AND(H150>=$K$4,H150<=$L$4),"만료","") | N150: FALSE | O150: FALSE | P150: =VLOOKUP($B150,'26년 1월 출석표'!$B$2:$BQ$497,10,0)/1 -> 0 | R150: =VLOOKUP($B150,'26년 1월 출석표'!$B$2:$BQ$497,24,0)/5 -> 0 | T150: =VLOOKUP($B150,'26년 1월 출석표'!$B$2:$BQ$497,38,0)/5 -> 0 | V150: =VLOOKUP($B150,'26년 1월 출석표'!$B$2:$BQ$497,52,0)/5 -> 0 | X150: =VLOOKUP($B150,'26년 1월 출석표'!$B$2:$BQ$503,66,0)/5 -> 0
B151: 배진선 | C151: 여 | D151: 010-5172-8628 | E151: FPT 12개월 | F151: 46020 | G151: 46027 | H151: 46391 | I151: =VLOOKUP(B151,'26년 1월 출석표'!$B$7:$D$500,3,0) -> 4 | J151: =ifna(I151/21,0) -> #NAME? | K151: =IF(AND(G151<=$L$4,H151>=$K$4),"유효","") -> 유효 | L151: =IF(AND(H151>=$K$4,H151<=$L$4),"만료","") | N151: FALSE | O151: FALSE | P151: =VLOOKUP($B151,'26년 1월 출석표'!$B$2:$BQ$497,10,0)/1 -> 0 | R151: =VLOOKUP($B151,'26년 1월 출석표'!$B$2:$BQ$497,24,0)/5 -> 0.6 | T151: =VLOOKUP($B151,'26년 1월 출석표'!$B$2:$BQ$497,38,0)/5 -> 0.2 | V151: =VLOOKUP($B151,'26년 1월 출석표'!$B$2:$BQ$497,52,0)/5 -> 0 | X151: =VLOOKUP($B151,'26년 1월 출석표'!$B$2:$BQ$503,66,0)/5 -> 0
B152: 문아인 | C152: 여 | D152: 010-4615-6586 | E152: FPT 2개월 | F152: 46021 | G152: 46023 | H152: 46082 | I152: =VLOOKUP(B152,'26년 1월 출석표'!$B$7:$D$500,3,0) -> 7 | J152: =ifna(I152/21,0) -> #NAME? | K152: =IF(AND(G152<=$L$4,H152>=$K$4),"유효","") -> 유효 | L152: =IF(AND(H152>=$K$4,H152<=$L$4),"만료","") | N152: FALSE | O152: FALSE | P152: =VLOOKUP($B152,'26년 1월 출석표'!$B$2:$BQ$497,10,0)/1 -> 1 | R152: =VLOOKUP($B152,'26년 1월 출석표'!$B$2:$BQ$497,24,0)/5 -> 1 | T152: =VLOOKUP($B152,'26년 1월 출석표'!$B$2:$BQ$497,38,0)/5 -> 0.2 | V152: =VLOOKUP($B152,'26년 1월 출석표'!$B$2:$BQ$497,52,0)/5 -> 0 | X152: =VLOOKUP($B152,'26년 1월 출석표'!$B$2:$BQ$503,66,0)/5 -> 0
B153: 김은혜B | C153: 여 | D153: 010-8102-7406 | E153: FPT 9개월 | F153: 46021 | G153: 46022 | H153: 46325 | I153: =VLOOKUP(B153,'26년 1월 출석표'!$B$7:$D$500,3,0) -> 4 | J153: =ifna(I153/21,0) -> #NAME? | K153: =IF(AND(G153<=$L$4,H153>=$K$4),"유효","") -> 유효 | L153: =IF(AND(H153>=$K$4,H153<=$L$4),"만료","") | N153: FALSE | O153: FALSE | P153: =VLOOKUP($B153,'26년 1월 출석표'!$B$2:$BQ$497,10,0)/1 -> 0 | R153: =VLOOKUP($B153,'26년 1월 출석표'!$B$2:$BQ$497,24,0)/5 -> 0.6 | T153: =VLOOKUP($B153,'26년 1월 출석표'!$B$2:$BQ$497,38,0)/5 -> 0.2 | V153: =VLOOKUP($B153,'26년 1월 출석표'!$B$2:$BQ$497,52,0)/5 -> 0 | X153: =VLOOKUP($B153,'26년 1월 출석표'!$B$2:$BQ$503,66,0)/5 -> 0
B154: 인소영 | C154: 여 | D154: 010-4015-0992 | E154: FPT 12개월 | F154: 46021 | G154: 46023 | H154: 46387 | I154: =VLOOKUP(B154,'26년 1월 출석표'!$B$7:$D$500,3,0) -> 6 | J154: =ifna(I154/21,0) -> #NAME? | K154: =IF(AND(G154<=$L$4,H154>=$K$4),"유효","") -> 유효 | L154: =IF(AND(H154>=$K$4,H154<=$L$4),"만료","") | N154: FALSE | O154: FALSE | P154: =VLOOKUP($B154,'26년 1월 출석표'!$B$2:$BQ$497,10,0)/1 -> 1 | R154: =VLOOKUP($B154,'26년 1월 출석표'!$B$2:$BQ$497,24,0)/5 -> 0.8 | T154: =VLOOKUP($B154,'26년 1월 출석표'!$B$2:$BQ$497,38,0)/5 -> 0.2 | V154: =VLOOKUP($B154,'26년 1월 출석표'!$B$2:$BQ$497,52,0)/5 -> 0 | X154: =VLOOKUP($B154,'26년 1월 출석표'!$B$2:$BQ$503,66,0)/5 -> 0
B155: 김진서 | C155: 여 | D155: 010-7673-4824 | E155: FPT 2개월 | F155: 46022 | G155: 46023 | H155: 46081 | I155: =VLOOKUP(B155,'26년 1월 출석표'!$B$7:$D$500,3,0) -> 1 | J155: =ifna(I155/21,0) -> #NAME? | K155: =IF(AND(G155<=$L$4,H155>=$K$4),"유효","") -> 유효 | L155: =IF(AND(H155>=$K$4,H155<=$L$4),"만료","") | N155: FALSE | O155: FALSE | P155: =VLOOKUP($B155,'26년 1월 출석표'!$B$2:$BQ$497,10,0)/1 -> 0 | R155: =VLOOKUP($B155,'26년 1월 출석표'!$B$2:$BQ$497,24,0)/5 -> 0 | T155: =VLOOKUP($B155,'26년 1월 출석표'!$B$2:$BQ$497,38,0)/5 -> 0.2 | V155: =VLOOKUP($B155,'26년 1월 출석표'!$B$2:$BQ$497,52,0)/5 -> 0 | X155: =VLOOKUP($B155,'26년 1월 출석표'!$B$2:$BQ$503,66,0)/5 -> 0
B156: 원정선 | C156: 여 | D156: 010-3880-9701 | E156: FPT 12개월 | F156: 46022 | G156: 46028 | H156: 46423 | I156: =VLOOKUP(B156,'26년 1월 출석표'!$B$7:$D$500,3,0) -> 1 | J156: =ifna(I156/21,0) -> #NAME? | K156: =IF(AND(G156<=$L$4,H156>=$K$4),"유효","") -> 유효 | L156: =IF(AND(H156>=$K$4,H156<=$L$4),"만료","") | N156: FALSE | O156: FALSE | P156: =VLOOKUP($B156,'26년 1월 출석표'!$B$2:$BQ$497,10,0)/1 -> 0 | R156: =VLOOKUP($B156,'26년 1월 출석표'!$B$2:$BQ$497,24,0)/5 -> 0.2 | T156: =VLOOKUP($B156,'26년 1월 출석표'!$B$2:$BQ$497,38,0)/5 -> 0 | V156: =VLOOKUP($B156,'26년 1월 출석표'!$B$2:$BQ$497,52,0)/5 -> 0 | X156: =VLOOKUP($B156,'26년 1월 출석표'!$B$2:$BQ$503,66,0)/5 -> 0
B157: 이민우 | C157: 남 | D157: 010-7339-6724 | E157: FPT 12개월 | F157: 46024 | G157: 46034 | H157: 46398 | I157: =VLOOKUP(B157,'26년 1월 출석표'!$B$7:$D$500,3,0) -> 1 | J157: =ifna(I157/21,0) -> #NAME? | K157: =IF(AND(G157<=$L$4,H157>=$K$4),"유효","") -> 유효 | L157: =IF(AND(H157>=$K$4,H157<=$L$4),"만료","") | N157: FALSE | O157: FALSE | P157: =VLOOKUP($B157,'26년 1월 출석표'!$B$2:$BQ$497,10,0)/1 -> 0 | R157: =VLOOKUP($B157,'26년 1월 출석표'!$B$2:$BQ$497,24,0)/5 -> 0 | T157: =VLOOKUP($B157,'26년 1월 출석표'!$B$2:$BQ$497,38,0)/5 -> 0.2 | V157: =VLOOKUP($B157,'26년 1월 출석표'!$B$2:$BQ$497,52,0)/5 -> 0 | X157: =VLOOKUP($B157,'26년 1월 출석표'!$B$2:$BQ$503,66,0)/5 -> 0
B158: 김민희 | C158: 여 | D158: 010-3553-7685 | E158: FPT 횟수권 | F158: 46025 | G158: 46027 | H158: - | I158: =VLOOKUP(B158,'26년 1월 출석표'!$B$7:$D$500,3,0) -> 1 | J158: =ifna(I158/21,0) -> #NAME? | K158: =IF(AND(G158<=$L$4,H158>=$K$4),"유효","") -> 유효 | L158: =IF(AND(H158>=$K$4,H158<=$L$4),"만료","") | N158: FALSE | O158: FALSE | P158: =VLOOKUP($B158,'26년 1월 출석표'!$B$2:$BQ$497,10,0)/1 -> 0 | R158: =VLOOKUP($B158,'26년 1월 출석표'!$B$2:$BQ$497,24,0)/5 -> 0.2 | T158: =VLOOKUP($B158,'26년 1월 출석표'!$B$2:$BQ$497,38,0)/5 -> 0 | V158: =VLOOKUP($B158,'26년 1월 출석표'!$B$2:$BQ$497,52,0)/5 -> 0 | X158: =VLOOKUP($B158,'26년 1월 출석표'!$B$2:$BQ$503,66,0)/5 -> 0
B159: 김은희 | C159: 여 | D159: 010-2477-5347 | E159: FPT 3개월 | F159: 46028 | G159: 46029 | H159: 46118 | I159: =VLOOKUP(B159,'26년 1월 출석표'!$B$7:$D$500,3,0) -> 4 | J159: =ifna(I159/21,0) -> #NAME? | K159: =IF(AND(G159<=$L$4,H159>=$K$4),"유효","") -> 유효 | L159: =IF(AND(H159>=$K$4,H159<=$L$4),"만료","") | N159: FALSE | O159: FALSE | P159: =VLOOKUP($B159,'26년 1월 출석표'!$B$2:$BQ$497,10,0)/1 -> 0 | R159: =VLOOKUP($B159,'26년 1월 출석표'!$B$2:$BQ$497,24,0)/5 -> 0.6 | T159: =VLOOKUP($B159,'26년 1월 출석표'!$B$2:$BQ$497,38,0)/5 -> 0.2 | V159: =VLOOKUP($B159,'26년 1월 출석표'!$B$2:$BQ$497,52,0)/5 -> 0 | X159: =VLOOKUP($B159,'26년 1월 출석표'!$B$2:$BQ$503,66,0)/5 -> 0
B160: 장규순 | C160: 여 | D160: 010-4001-4691 | E160: FPT 12개월 | F160: 46029 | G160: 46029 | H160: 46393 | I160: =VLOOKUP(B160,'26년 1월 출석표'!$B$7:$D$500,3,0) -> 4 | J160: =ifna(I160/21,0) -> #NAME? | K160: =IF(AND(G160<=$L$4,H160>=$K$4),"유효","") -> 유효 | L160: =IF(AND(H160>=$K$4,H160<=$L$4),"만료","") | N160: FALSE | O160: FALSE | P160: =VLOOKUP($B160,'26년 1월 출석표'!$B$2:$BQ$497,10,0)/1 -> 0 | R160: =VLOOKUP($B160,'26년 1월 출석표'!$B$2:$BQ$497,24,0)/5 -> 0.6 | T160: =VLOOKUP($B160,'26년 1월 출석표'!$B$2:$BQ$497,38,0)/5 -> 0.2 | V160: =VLOOKUP($B160,'26년 1월 출석표'!$B$2:$BQ$497,52,0)/5 -> 0 | X160: =VLOOKUP($B160,'26년 1월 출석표'!$B$2:$BQ$503,66,0)/5 -> 0
B161: 김영춘 | C161: 여 | D161: 010-2707-2110 | E161: FPT 12개월 | F161: 46031 | G161: 46034 | H161: 46398 | I161: =VLOOKUP(B161,'26년 1월 출석표'!$B$7:$D$500,3,0) -> 0 | J161: =ifna(I161/21,0) -> #NAME? | K161: =IF(AND(G161<=$L$4,H161>=$K$4),"유효","") -> 유효 | L161: =IF(AND(H161>=$K$4,H161<=$L$4),"만료","") | N161: FALSE | O161: FALSE | P161: =VLOOKUP($B161,'26년 1월 출석표'!$B$2:$BQ$497,10,0)/1 -> 0 | R161: =VLOOKUP($B161,'26년 1월 출석표'!$B$2:$BQ$497,24,0)/5 -> 0 | T161: =VLOOKUP($B161,'26년 1월 출석표'!$B$2:$BQ$497,38,0)/5 -> 0 | V161: =VLOOKUP($B161,'26년 1월 출석표'!$B$2:$BQ$497,52,0)/5 -> 0 | X161: =VLOOKUP($B161,'26년 1월 출석표'!$B$2:$BQ$503,66,0)/5 -> 0
B162: 안도담 | C162: 여 | D162: 010-4715-4511 | E162: FPT 2개월 | F162: 46032 | G162: 46034 | H162: 46092 | I162: =VLOOKUP(B162,'26년 1월 출석표'!$B$7:$D$500,3,0) -> 1 | J162: =ifna(I162/21,0) -> #NAME? | K162: =IF(AND(G162<=$L$4,H162>=$K$4),"유효","") -> 유효 | L162: =IF(AND(H162>=$K$4,H162<=$L$4),"만료","") | N162: TRUE | O162: FALSE | P162: =VLOOKUP($B162,'26년 1월 출석표'!$B$2:$BQ$497,10,0)/1 -> 0 | R162: =VLOOKUP($B162,'26년 1월 출석표'!$B$2:$BQ$497,24,0)/5 -> 0 | T162: =VLOOKUP($B162,'26년 1월 출석표'!$B$2:$BQ$497,38,0)/5 -> 0.2 | V162: =VLOOKUP($B162,'26년 1월 출석표'!$B$2:$BQ$497,52,0)/5 -> 0 | X162: =VLOOKUP($B162,'26년 1월 출석표'!$B$2:$BQ$503,66,0)/5 -> 0
B163: 안중원 | C163: 남 | D163: 010-5007-2357 | E163: FPT 2개월 | F163: 46032 | G163: 46034 | H163: 46092 | I163: =VLOOKUP(B163,'26년 1월 출석표'!$B$7:$D$500,3,0) -> 1 | J163: =ifna(I163/21,0) -> #NAME? | K163: =IF(AND(G163<=$L$4,H163>=$K$4),"유효","") -> 유효 | L163: =IF(AND(H163>=$K$4,H163<=$L$4),"만료","") | N163: TRUE | O163: FALSE | P163: =VLOOKUP($B163,'26년 1월 출석표'!$B$2:$BQ$497,10,0)/1 -> 0 | R163: =VLOOKUP($B163,'26년 1월 출석표'!$B$2:$BQ$497,24,0)/5 -> 0 | T163: =VLOOKUP($B163,'26년 1월 출석표'!$B$2:$BQ$497,38,0)/5 -> 0.2 | V163: =VLOOKUP($B163,'26년 1월 출석표'!$B$2:$BQ$497,52,0)/5 -> 0 | X163: =VLOOKUP($B163,'26년 1월 출석표'!$B$2:$BQ$503,66,0)/5 -> 0
B164: 차민경 | C164: 여 | D164: 010-6438-3708 | E164: FPT 6개월 | F164: 46034 | G164: 46035 | H164: 46215 | I164: =VLOOKUP(B164,'26년 1월 출석표'!$B$7:$D$500,3,0) -> 0 | J164: =ifna(I164/21,0) -> #NAME? | K164: =IF(AND(G164<=$L$4,H164>=$K$4),"유효","") -> 유효 | L164: =IF(AND(H164>=$K$4,H164<=$L$4),"만료","") | N164: FALSE | O164: FALSE | P164: =VLOOKUP($B164,'26년 1월 출석표'!$B$2:$BQ$497,10,0)/1 -> 0 | R164: =VLOOKUP($B164,'26년 1월 출석표'!$B$2:$BQ$497,24,0)/5 -> 0 | T164: =VLOOKUP($B164,'26년 1월 출석표'!$B$2:$BQ$497,38,0)/5 -> 0 | V164: =VLOOKUP($B164,'26년 1월 출석표'!$B$2:$BQ$497,52,0)/5 -> 0 | X164: =VLOOKUP($B164,'26년 1월 출석표'!$B$2:$BQ$503,66,0)/5 -> 0
I165: =VLOOKUP(B165,'26년 1월 출석표'!$B$7:$D$500,3,0) -> #N/A | J165: =ifna(I165/21,0) -> #NAME? | K165: =IF(AND(G165<=$L$4,H165>=$K$4),"유효","") | L165: =IF(AND(H165>=$K$4,H165<=$L$4),"만료","") | N165: FALSE | O165: FALSE | P165: =VLOOKUP($B165,'26년 1월 출석표'!$B$2:$BQ$497,10,0)/1 -> #N/A | R165: =VLOOKUP($B165,'26년 1월 출석표'!$B$2:$BQ$497,24,0)/5 -> #N/A | T165: =VLOOKUP($B165,'26년 1월 출석표'!$B$2:$BQ$497,38,0)/5 -> #N/A | V165: =VLOOKUP($B165,'26년 1월 출석표'!$B$2:$BQ$497,52,0)/5 -> #N/A | X165: =VLOOKUP($B165,'26년 1월 출석표'!$B$2:$BQ$503,66,0)/5 -> #N/A
I166: =VLOOKUP(B166,'26년 1월 출석표'!$B$7:$D$500,3,0) -> #N/A | J166: =ifna(I166/21,0) -> #NAME? | K166: =IF(AND(G166<=$L$4,H166>=$K$4),"유효","") | L166: =IF(AND(H166>=$K$4,H166<=$L$4),"만료","") | N166: FALSE | O166: FALSE | P166: =VLOOKUP($B166,'26년 1월 출석표'!$B$2:$BQ$497,10,0)/1 -> #N/A | R166: =VLOOKUP($B166,'26년 1월 출석표'!$B$2:$BQ$497,24,0)/5 -> #N/A | T166: =VLOOKUP($B166,'26년 1월 출석표'!$B$2:$BQ$497,38,0)/5 -> #N/A | V166: =VLOOKUP($B166,'26년 1월 출석표'!$B$2:$BQ$497,52,0)/5 -> #N/A | X166: =VLOOKUP($B166,'26년 1월 출석표'!$B$2:$BQ$503,66,0)/5 -> #N/A
I167: =VLOOKUP(B167,'26년 1월 출석표'!$B$7:$D$500,3,0) -> #N/A | J167: =ifna(I167/21,0) -> #NAME? | K167: =IF(AND(G167<=$L$4,H167>=$K$4),"유효","") | L167: =IF(AND(H167>=$K$4,H167<=$L$4),"만료","") | N167: FALSE | O167: FALSE | P167: =VLOOKUP($B167,'26년 1월 출석표'!$B$2:$BQ$497,10,0)/1 -> #N/A | R167: =VLOOKUP($B167,'26년 1월 출석표'!$B$2:$BQ$497,24,0)/5 -> #N/A | T167: =VLOOKUP($B167,'26년 1월 출석표'!$B$2:$BQ$497,38,0)/5 -> #N/A | V167: =VLOOKUP($B167,'26년 1월 출석표'!$B$2:$BQ$497,52,0)/5 -> #N/A | X167: =VLOOKUP($B167,'26년 1월 출석표'!$B$2:$BQ$503,66,0)/5 -> #N/A
I168: =VLOOKUP(B168,'26년 1월 출석표'!$B$7:$D$500,3,0) -> #N/A | J168: =ifna(I168/21,0) -> #NAME? | K168: =IF(AND(G168<=$L$4,H168>=$K$4),"유효","") | L168: =IF(AND(H168>=$K$4,H168<=$L$4),"만료","") | N168: FALSE | O168: FALSE | P168: =VLOOKUP($B168,'26년 1월 출석표'!$B$2:$BQ$497,10,0)/1 -> #N/A | R168: =VLOOKUP($B168,'26년 1월 출석표'!$B$2:$BQ$497,24,0)/5 -> #N/A | T168: =VLOOKUP($B168,'26년 1월 출석표'!$B$2:$BQ$497,38,0)/5 -> #N/A | V168: =VLOOKUP($B168,'26년 1월 출석표'!$B$2:$BQ$497,52,0)/5 -> #N/A | X168: =VLOOKUP($B168,'26년 1월 출석표'!$B$2:$BQ$503,66,0)/5 -> #N/A
I169: =VLOOKUP(B169,'26년 1월 출석표'!$B$7:$D$500,3,0) -> #N/A | J169: =ifna(I169/21,0) -> #NAME? | K169: =IF(AND(G169<=$L$4,H169>=$K$4),"유효","") | L169: =IF(AND(H169>=$K$4,H169<=$L$4),"만료","") | N169: FALSE | O169: FALSE | P169: =VLOOKUP($B169,'26년 1월 출석표'!$B$2:$BQ$497,10,0)/1 -> #N/A | R169: =VLOOKUP($B169,'26년 1월 출석표'!$B$2:$BQ$497,24,0)/5 -> #N/A | T169: =VLOOKUP($B169,'26년 1월 출석표'!$B$2:$BQ$497,38,0)/5 -> #N/A | V169: =VLOOKUP($B169,'26년 1월 출석표'!$B$2:$BQ$497,52,0)/5 -> #N/A | X169: =VLOOKUP($B169,'26년 1월 출석표'!$B$2:$BQ$503,66,0)/5 -> #N/A
I170: =VLOOKUP(B170,'26년 1월 출석표'!$B$7:$D$500,3,0) -> #N/A | J170: =ifna(I170/21,0) -> #NAME? | K170: =IF(AND(G170<=$L$4,H170>=$K$4),"유효","") | L170: =IF(AND(H170>=$K$4,H170<=$L$4),"만료","") | N170: FALSE | O170: FALSE | P170: =VLOOKUP($B170,'26년 1월 출석표'!$B$2:$BQ$497,10,0)/1 -> #N/A | R170: =VLOOKUP($B170,'26년 1월 출석표'!$B$2:$BQ$497,24,0)/5 -> #N/A | T170: =VLOOKUP($B170,'26년 1월 출석표'!$B$2:$BQ$497,38,0)/5 -> #N/A | V170: =VLOOKUP($B170,'26년 1월 출석표'!$B$2:$BQ$497,52,0)/5 -> #N/A | X170: =VLOOKUP($B170,'26년 1월 출석표'!$B$2:$BQ$503,66,0)/5 -> #N/A
I171: =VLOOKUP(B171,'26년 1월 출석표'!$B$7:$D$500,3,0) -> #N/A | J171: =ifna(I171/21,0) -> #NAME? | K171: =IF(AND(G171<=$L$4,H171>=$K$4),"유효","") | L171: =IF(AND(H171>=$K$4,H171<=$L$4),"만료","") | N171: FALSE | O171: FALSE | P171: =VLOOKUP($B171,'26년 1월 출석표'!$B$2:$BQ$497,10,0)/1 -> #N/A | R171: =VLOOKUP($B171,'26년 1월 출석표'!$B$2:$BQ$497,24,0)/5 -> #N/A | T171: =VLOOKUP($B171,'26년 1월 출석표'!$B$2:$BQ$497,38,0)/5 -> #N/A | V171: =VLOOKUP($B171,'26년 1월 출석표'!$B$2:$BQ$497,52,0)/5 -> #N/A | X171: =VLOOKUP($B171,'26년 1월 출석표'!$B$2:$BQ$503,66,0)/5 -> #N/A
I172: =VLOOKUP(B172,'26년 1월 출석표'!$B$7:$D$500,3,0) -> #N/A | J172: =ifna(I172/21,0) -> #NAME? | K172: =IF(AND(G172<=$L$4,H172>=$K$4),"유효","") | L172: =IF(AND(H172>=$K$4,H172<=$L$4),"만료","") | N172: FALSE | O172: FALSE | P172: =VLOOKUP($B172,'26년 1월 출석표'!$B$2:$BQ$497,10,0)/1 -> #N/A | R172: =VLOOKUP($B172,'26년 1월 출석표'!$B$2:$BQ$497,24,0)/5 -> #N/A | T172: =VLOOKUP($B172,'26년 1월 출석표'!$B$2:$BQ$497,38,0)/5 -> #N/A | V172: =VLOOKUP($B172,'26년 1월 출석표'!$B$2:$BQ$497,52,0)/5 -> #N/A | X172: =VLOOKUP($B172,'26년 1월 출석표'!$B$2:$BQ$503,66,0)/5 -> #N/A
I173: =VLOOKUP(B173,'26년 1월 출석표'!$B$7:$D$500,3,0) -> #N/A | J173: =ifna(I173/21,0) -> #NAME? | K173: =IF(AND(G173<=$L$4,H173>=$K$4),"유효","") | L173: =IF(AND(H173>=$K$4,H173<=$L$4),"만료","") | N173: FALSE | O173: FALSE | P173: =VLOOKUP($B173,'26년 1월 출석표'!$B$2:$BQ$497,10,0)/1 -> #N/A | R173: =VLOOKUP($B173,'26년 1월 출석표'!$B$2:$BQ$497,24,0)/5 -> #N/A | T173: =VLOOKUP($B173,'26년 1월 출석표'!$B$2:$BQ$497,38,0)/5 -> #N/A | V173: =VLOOKUP($B173,'26년 1월 출석표'!$B$2:$BQ$497,52,0)/5 -> #N/A | X173: =VLOOKUP($B173,'26년 1월 출석표'!$B$2:$BQ$503,66,0)/5 -> #N/A
I174: =VLOOKUP(B174,'26년 1월 출석표'!$B$7:$D$500,3,0) -> #N/A | J174: =ifna(I174/21,0) -> #NAME? | K174: =IF(AND(G174<=$L$4,H174>=$K$4),"유효","") | L174: =IF(AND(H174>=$K$4,H174<=$L$4),"만료","") | N174: FALSE | O174: FALSE | P174: =VLOOKUP($B174,'26년 1월 출석표'!$B$2:$BQ$497,10,0)/1 -> #N/A | R174: =VLOOKUP($B174,'26년 1월 출석표'!$B$2:$BQ$497,24,0)/5 -> #N/A | T174: =VLOOKUP($B174,'26년 1월 출석표'!$B$2:$BQ$497,38,0)/5 -> #N/A | V174: =VLOOKUP($B174,'26년 1월 출석표'!$B$2:$BQ$497,52,0)/5 -> #N/A | X174: =VLOOKUP($B174,'26년 1월 출석표'!$B$2:$BQ$503,66,0)/5 -> #N/A
I175: =VLOOKUP(B175,'26년 1월 출석표'!$B$7:$D$500,3,0) -> #N/A | J175: =ifna(I175/21,0) -> #NAME? | K175: =IF(AND(G175<=$L$4,H175>=$K$4),"유효","") | L175: =IF(AND(H175>=$K$4,H175<=$L$4),"만료","") | N175: FALSE | O175: FALSE | P175: =VLOOKUP($B175,'26년 1월 출석표'!$B$2:$BQ$497,10,0)/1 -> #N/A | R175: =VLOOKUP($B175,'26년 1월 출석표'!$B$2:$BQ$497,24,0)/5 -> #N/A | T175: =VLOOKUP($B175,'26년 1월 출석표'!$B$2:$BQ$497,38,0)/5 -> #N/A | V175: =VLOOKUP($B175,'26년 1월 출석표'!$B$2:$BQ$497,52,0)/5 -> #N/A | X175: =VLOOKUP($B175,'26년 1월 출석표'!$B$2:$BQ$503,66,0)/5 -> #N/A
I176: =VLOOKUP(B176,'26년 1월 출석표'!$B$7:$D$500,3,0) -> #N/A | J176: =ifna(I176/21,0) -> #NAME? | K176: =IF(AND(G176<=$L$4,H176>=$K$4),"유효","") | L176: =IF(AND(H176>=$K$4,H176<=$L$4),"만료","") | N176: FALSE | O176: FALSE | P176: =VLOOKUP($B176,'26년 1월 출석표'!$B$2:$BQ$497,10,0)/1 -> #N/A | R176: =VLOOKUP($B176,'26년 1월 출석표'!$B$2:$BQ$497,24,0)/5 -> #N/A | T176: =VLOOKUP($B176,'26년 1월 출석표'!$B$2:$BQ$497,38,0)/5 -> #N/A | V176: =VLOOKUP($B176,'26년 1월 출석표'!$B$2:$BQ$497,52,0)/5 -> #N/A | X176: =VLOOKUP($B176,'26년 1월 출석표'!$B$2:$BQ$503,66,0)/5 -> #N/A
... I438: =VLOOKUP(B438,'26년 1월 출석표'!$B$7:$D$500,3,0) -> #N/A | J438: =ifna(I438/21,0) -> #NAME? | K438: =IF(AND(G438<=$L$4,H438>=$K$4),"유효","") | L438: =IF(AND(H438>=$K$4,H438<=$L$4),"만료","") | N438: FALSE | O438: FALSE | P438: =VLOOKUP($B438,'26년 1월 출석표'!$B$2:$BQ$497,10,0)/1 -> #N/A | R438: =VLOOKUP($B438,'26년 1월 출석표'!$B$2:$BQ$497,24,0)/5 -> #N/A | T438: =VLOOKUP($B438,'26년 1월 출석표'!$B$2:$BQ$497,38,0)/5 -> #N/A | V438: =VLOOKUP($B438,'26년 1월 출석표'!$B$2:$BQ$497,52,0)/5 -> #N/A | X438: =VLOOKUP($B438,'26년 1월 출석표'!$B$2:$BQ$503,66,0)/5 -> #N/A
N439: FALSE | O439: FALSE
N440: FALSE | O440: FALSE
N441: FALSE | O441: FALSE
N442: FALSE | O442: FALSE
N443: FALSE | O443: FALSE
N444: FALSE | O444: FALSE
N445: FALSE | O445: FALSE
N446: FALSE | O446: FALSE
N447: FALSE | O447: FALSE
N448: FALSE | O448: FALSE
N449: FALSE | O449: FALSE
N450: FALSE | O450: FALSE
... N457: FALSE | O457: FALSE

Sheet 26년 1월 출석표
A1: ㄹ | B1: 1 | C1: 2 | D1: 3 | E1: 4 | F1: 5 | G1: 6 | H1: 7 | I1: 8 | J1: 9 | K1: 10 | L1: 11 | M1: 12 | N1: 13 | O1: 14 | P1: 15 | Q1: 16 | R1: 17 | S1: 18 | T1: 19 | U1: 20 | V1: 21 | W1: 22 | X1: 23 | Y1: 24 | Z1: 25 | AA1: 26 | AB1: 27 | AC1: 28 | AD1: 29 | AE1: 30 | AF1: 31 | AG1: 32 | AH1: 33 | AI1: 34 | AJ1: 35 | AK1: 36 | AL1: 37 | AM1: 38 | AN1: 39 | AO1: 40 | AP1: 41 | AQ1: 42 | AR1: 43 | AS1: 44 | AT1: 45 | AU1: 46 | AV1: 47 | AW1: 48 | AX1: 49 | AY1: 50 | AZ1: 51 | BA1: 52 | BB1: 53 | BC1: 54 | BD1: 55 | BE1: 56 | BF1: 57 | BG1: 58 | BH1: 59 | BI1: 60 | BJ1: 61 | BK1: 62 | BL1: 63 | BM1: 64 | BN1: 65 | BO1: 66 | BP1: 67 | BQ1: 68 | BU1: 누적 | BV1: =SUM(BV3:BV7) -> 364 | BW1: =SUM(BW3:BW7) -> 21 | BX1: =BV1/BW1 -> 17.333333 | BY1: =BX1/BY2 -> 0.10901468
B2: 26.1월 | E2: 1 | G2: 2 | I2: 3 | K2: 4 | M2: 5 | O2: 6 | Q2: 7 | S2: 8 | U2: 9 | W2: 10 | Y2: 11 | AA2: 12 | AC2: 13 | AE2: 14 | AG2: 15 | AI2: 16 | AK2: 17 | AM2: 18 | AO2: 19 | AQ2: 20 | AS2: 21 | AU2: 22 | AW2: 23 | AY2: 24 | BA2: 25 | BC2: 26 | BE2: 27 | BG2: 28 | BI2: 29 | BK2: 30 | BM2: 31 | BR2: 평균 | BU2: 주차 | BV2: 출석수 | BW2: 일수 | BX2: 평균 | BY2: ='26년 1월 유효회원'!C3 -> 159 | CA2: 홍은
D3: 수 | E3: =COUNTA(E7:E500) -> 14 | G3: =COUNTA(G7:G500) -> 42 | I3: =COUNTA(I7:I500) -> 13 | K3: =SUM(K7:K500) -> 42 | M3: =COUNTA(M7:M500) -> 65 | O3: =COUNTA(O7:O500) -> 52 | Q3: =COUNTA(Q7:Q500) -> 48 | S3: =COUNTA(S7:S500) -> 52 | U3: =COUNTA(U7:U500) -> 47 | W3: =COUNTA(W7:W500) -> 8 | Y3: =SUM(Y7:Y500) -> 264 | AA3: =COUNTA(AA7:AA500) -> 58 | AC3: =COUNTA(AC7:AC500) -> 0 | AE3: =COUNTA(AE7:AE500) -> 0 | AG3: =COUNTA(AG7:AG500) -> 0 | AI3: =COUNTA(AI7:AI500) -> 0 | AK3: =COUNTA(AK7:AK500) -> 0 | AM3: =SUM(AM7:AM500) -> 58 | AO3: =COUNTA(AO7:AO500) -> 0 | AQ3: =COUNTA(AQ7:AQ500) -> 0 | AS3: =COUNTA(AS7:AS500) -> 0 | AU3: =COUNTA(AU7:AU500) -> 0 | AW3: =COUNTA(AW7:AW500) -> 0 | AY3: =COUNTA(AY7:AY500) -> 0 | BA3: =SUM(BA7:BA500) -> 0 | BC3: =COUNTA(BC7:BC500) -> 0 | BE3: =COUNTA(BE7:BE500) -> 0 | BG3: =COUNTA(BG7:BG500) -> 0 | BI3: =COUNTA(BI7:BI500) -> 0 | BK3: =COUNTA(BK7:BK500) -> 0 | BM3: =COUNTA(BM7:BM500) -> 0 | BO3: =SUM(BO7:BO500) -> 0 | BR3: =AVERAGE(K3,Y3,AM3,BO3) -> 91 | BU3: 1 | BV3: =K3 -> 42 | BW3: 1 | BX3: =BV3/BW3 -> 42 | BY3: =BX3/BY2 -> 0.26415094
D4: 율 | E4: =E3/'25년 12월 유효회원'!$C$3 -> 0.092715232 | G4: =G3/'25년 12월 유효회원'!$C$3 -> 0.2781457 | I4: =I3/'25년 12월 유효회원'!$C$3 -> 0.086092715 | K4: =K3/'26년 1월 유효회원'!$C$3 -> 0.26415094 | M4: =M3/'25년 12월 유효회원'!$C$3 -> 0.43046358 | O4: =O3/'25년 12월 유효회원'!$C$3 -> 0.34437086 | Q4: =Q3/'25년 12월 유효회원'!$C$3 -> 0.31788079 | S4: =S3/'25년 12월 유효회원'!$C$3 -> 0.34437086 | U4: =U3/'25년 12월 유효회원'!$C$3 -> 0.31125828 | W4: =W3/'25년 12월 유효회원'!$C$3 -> 0.052980132 | Y4: =Y3/'26년 1월 유효회원'!$C$3 -> 1.6603774 | AA4: =AA3/'25년 12월 유효회원'!$C$3 -> 0.38410596 | AC4: =AC3/'25년 12월 유효회원'!$C$3 -> 0 | AE4: =AE3/'25년 12월 유효회원'!$C$3 -> 0 | AG4: =AG3/'25년 12월 유효회원'!$C$3 -> 0 | AI4: =AI3/'25년 12월 유효회원'!$C$3 -> 0 | AK4: =AK3/'25년 12월 유효회원'!$C$3 -> 0 | AM4: =AM3/'26년 1월 유효회원'!$C$3 -> 0.36477987 | AO4: =AO3/'25년 12월 유효회원'!$C$3 -> 0 | AQ4: =AQ3/'25년 12월 유효회원'!$C$3 -> 0 | AS4: =AS3/'25년 12월 유효회원'!$C$3 -> 0 | AU4: =AU3/'25년 12월 유효회원'!$C$3 -> 0 | AW4: =AW3/'25년 12월 유효회원'!$C$3 -> 0 | AY4: =AY3/'25년 12월 유효회원'!$C$3 -> 0 | BA4: =BA3/'26년 1월 유효회원'!$C$3 -> 0 | BC4: =BC3/'25년 12월 유효회원'!$C$3 -> 0 | BE4: =BE3/'25년 12월 유효회원'!$C$3 -> 0 | BG4: =BG3/'25년 12월 유효회원'!$C$3 -> 0 | BI4: =BI3/'25년 12월 유효회원'!$C$3 -> 0 | BK4: =BK3/'25년 12월 유효회원'!$C$3 -> 0 | BM4: =BM3/'25년 12월 유효회원'!$C$3 -> 0 | BO4: =BO3/'26년 1월 유효회원'!$C$3 -> 0 | BU4: 2 | BV4: =Y3 -> 264 | BW4: 5 | BX4: =BV4/BW4 -> 52.8 | BY4: =BX4/$BY$2 -> 0.33207547
A5: s . 신규 | E5: 남 | F5: 여 | G5: 남 | H5: 여 | I5: 남 | J5: 여 | K5: 남 | L5: 여 | M5: 남 | N5: 여 | O5: 남 | P5: 여 | Q5: 남 | R5: 여 | S5: 남 | T5: 여 | U5: 남 | V5: 여 | W5: 남 | X5: 여 | Y5: 남 | Z5: 여 | AA5: 남 | AB5: 여 | AC5: 남 | AD5: 여 | AE5: 남 | AF5: 여 | AG5: 남 | AH5: 여 | AI5: 남 | AJ5: 여 | AK5: 남 | AL5: 여 | AM5: 남 | AN5: 여 | AO5: 남 | AP5: 여 | AQ5: 남 | AR5: 여 | AS5: 남 | AT5: 여 | AU5: 남 | AV5: 여 | AW5: 남 | AX5: 여 | AY5: 남 | AZ5: 여 | BA5: 남 | BB5: 여 | BC5: 남 | BD5: 여 | BE5: 남 | BF5: 여 | BG5: 남 | BH5: 여 | BI5: 남 | BJ5: 여 | BK5: 남 | BL5: 여 | BM5: 남 | BN5: 여 | BO5: 남 | BP5: 여 | BU5: 3 | BV5: =AM3 -> 58 | BW5: 5 | BX5: =BV5/BW5 -> 11.6 | BY5: =BX5/$BY$2 -> 0.072955975
A6: r 기존. | B6: 이름 | C6: 성별 | D6: 수 | E6: =COUNTIFS($C$7:$C$432,"남",E7:E432,"<>") -> 4 | F6: =COUNTIFS($C$7:$C$432,"여",E7:E432,"<>") -> 10 | G6: =COUNTIFS($C$7:$C$432,"남",G7:G432,"<>") -> 7 | H6: =COUNTIFS($C$7:$C$432,"여",G7:G432,"<>") -> 35 | I6: =COUNTIFS($C$7:$C$432,"남",I7:I432,"<>") -> 2 | J6: =COUNTIFS($C$7:$C$432,"여",I7:I432,"<>") -> 11 | K6: =SUM(G6) -> 7 | L6: =SUM(H6) -> 35 | M6: =COUNTIFS($C$7:$C$432,"남",M7:M432,"<>") -> 14 | N6: =COUNTIFS($C$7:$C$432,"남",N7:N432,"<>") -> 0 | O6: =COUNTIFS($C$7:$C$432,"남",O7:O432,"<>") -> 10 | P6: =COUNTIFS($C$7:$C$432,"남",P7:P432,"<>") -> 0 | Q6: =COUNTIFS($C$7:$C$432,"남",Q7:Q432,"<>") -> 9 | R6: =COUNTIFS($C$7:$C$432,"남",R7:R432,"<>") -> 0 | S6: =COUNTIFS($C$7:$C$432,"남",S7:S432,"<>") -> 9 | T6: =COUNTIFS($C$7:$C$432,"여",S7:S432,"<>") -> 43 | U6: =COUNTIFS($C$7:$C$432,"남",U7:U432,"<>") -> 10 | V6: =COUNTIFS($C$7:$C$432,"여",U7:U432,"<>") -> 37 | W6: =COUNTIFS($C$7:$C$432,"남",W7:W432,"<>") -> 1 | X6: =COUNTIFS($C$7:$C$432,"여",W7:W432,"<>") -> 7 | Y6: =SUM(M6,O6,Q6,S6,U6) -> 52 | Z6: =SUM(N6,P6,R6,T6,V6) -> 80 | AA6: =COUNTIFS($C$7:$C$432,"남",AA7:AA432,"<>") -> 6 | AB6: =COUNTIFS($C$7:$C$432,"여",AA7:AA432,"<>") -> 52 | AC6: =COUNTIFS($C$7:$C$432,"여",AB7:AB432,"<>") -> 0 | AD6: =COUNTIFS($C$7:$C$432,"여",AC7:AC432,"<>") -> 0 | AE6: =COUNTIFS($C$7:$C$432,"여",AD7:AD432,"<>") -> 0 | AF6: =COUNTIFS($C$7:$C$432,"여",AE7:AE432,"<>") -> 0 | AG6: =COUNTIFS($C$7:$C$432,"남",AG7:AG432,"<>") -> 0 | AH6: =COUNTIFS($C$7:$C$432,"여",AG7:AG432,"<>") -> 0 | AI6: =COUNTIFS($C$7:$C$432,"남",AI7:AI432,"<>") -> 0 | AJ6: =COUNTIFS($C$7:$C$432,"여",AI7:AI432,"<>") -> 0 | AK6: =COUNTIFS($C$7:$C$432,"남",AK7:AK432,"<>") -> 0 | AL6: =COUNTIFS($C$7:$C$432,"여",AK7:AK432,"<>") -> 0 | AM6: =SUM(AA6,AC6,AE6,AG6,AI6) -> 6 | AN6: =SUM(AB6,AD6,AF6,AH6,AJ6) -> 52 | AO6: =COUNTIFS($C$7:$C$432,"남",AO7:AO432,"<>") -> 0 | AP6: =COUNTIFS($C$7:$C$432,"여",AO7:AO432,"<>") -> 0 | AQ6: =COUNTIFS($C$7:$C$432,"남",AQ7:AQ432,"<>") -> 0 | AR6: =COUNTIFS($C$7:$C$432,"여",AQ7:AQ432,"<>") -> 0 | AS6: =COUNTIFS($C$7:$C$432,"남",AS7:AS432,"<>") -> 0 | AT6: =COUNTIFS($C$7:$C$432,"여",AS7:AS432,"<>") -> 0 | AU6: =COUNTIFS($C$7:$C$432,"남",AU7:AU432,"<>") -> 0 | AV6: =COUNTIFS($C$7:$C$432,"여",AU7:AU432,"<>") -> 0 | AW6: =COUNTIFS($C$7:$C$432,"남",AW7:AW432,"<>") -> 0 | AX6: =COUNTIFS($C$7:$C$432,"여",AW7:AW432,"<>") -> 0 | AY6: =COUNTIFS($C$7:$C$432,"남",AY7:AY432,"<>") -> 0 | AZ6: =COUNTIFS($C$7:$C$432,"여",AY7:AY432,"<>") -> 0 | BA6: =SUM(AO6,AQ6,AS6,AU6,AW6) -> 0 | BB6: =SUM(AP6,AR6,AT6,AV6,AX6) -> 0 | BC6: =COUNTIFS($C$7:$C$432,"남",BC7:BC432,"<>") -> 0 | BD6: =COUNTIFS($C$7:$C$432,"여",BC7:BC432,"<>") -> 0 | BE6: =COUNTIFS($C$7:$C$432,"여",BD7:BD432,"<>") -> 0 | BF6: =COUNTIFS($C$7:$C$432,"여",BE7:BE432,"<>") -> 0 | BG6: =COUNTIFS($C$7:$C$432,"남",BG7:BG432,"<>") -> 0 | BH6: =COUNTIFS($C$7:$C$432,"여",BG7:BG432,"<>") -> 0 | BI6: =COUNTIFS($C$7:$C$432,"남",BI7:BI432,"<>") -> 0 | BJ6: =COUNTIFS($C$7:$C$432,"여",BI7:BI432,"<>") -> 0 | BK6: 0 | BL6: =COUNTIFS($C$7:$C$432,"여",BK7:BK432,"<>") -> 0 | BM6: =COUNTIFS($C$7:$C$432,"남",BM7:BM432,"<>") -> 0 | BN6: =COUNTIFS($C$7:$C$432,"여",BM7:BM432,"<>") -> 0 | BO6: =SUM(K6,Y6,AM6,BA6) -> 65 | BP6: =SUM(L6,Z6,AN6,BB6) -> 167 | BU6: 4 | BV6: =BA3 -> 0 | BW6: 5 | BX6: =BV6/BW6 -> 0 | BY6: =BX6/$BY$2 -> 0
A7: mr 살몬 | BU7: 5 | BV7: =BO3 -> 0 | BW7: 5 | BX7: =BV7/BW7 -> 0 | BY7: =BX7/$BY$2 -> 0
B8: 김정숙 | C8: 여 | D8: =SUM(K8,Y8,AM8,BA8,BO8) -> 2 | K8: =COUNTA(G8:H8) -> 0 | O8: 12 | S8: 12 | Y8: =COUNTA(M8:V8) -> 2 | AM8: =COUNTA(AA8:AJ8) -> 0 | BA8: =COUNTA(AO8:AX8) -> 0 | BO8: =COUNTA(BC8:BL8) -> 0
B9: 신하영 | C9: 여 | D9: =SUM(K9,Y9,AM9,BA9,BO9) -> 0 | K9: =COUNTA(G9:H9) -> 0 | Y9: =COUNTA(M9:V9) -> 0 | AM9: =COUNTA(AA9:AJ9) -> 0 | BA9: =COUNTA(AO9:AX9) -> 0 | BO9: =COUNTA(BC9:BL9) -> 0 | BV9: 시간대별 출석인원 및 비율
B10: 정지우 | C10: 여 | D10: =SUM(K10,Y10,AM10,BA10,BO10) -> 3 | K10: =COUNTA(G10:H10) -> 0 | M10: 21 | O10: 20 | S10: 21 | Y10: =COUNTA(M10:V10) -> 3 | AM10: =COUNTA(AA10:AJ10) -> 0 | BA10: =COUNTA(AO10:AX10) -> 0 | BO10: =COUNTA(BC10:BL10) -> 0
B11: 곽상희 | C11: 여 | D11: =SUM(K11,Y11,AM11,BA11,BO11) -> 0 | K11: =COUNTA(G11:H11) -> 0 | Y11: =COUNTA(M11:V11) -> 0 | AM11: =COUNTA(AA11:AJ11) -> 0 | BA11: =COUNTA(AO11:AX11) -> 0 | BO11: =COUNTA(BC11:BL11) -> 0 | BV11: 1주차 | CA11: 수업료 계산 평균 인원
B12: 임성빈 | C12: 남 | D12: =SUM(K12,Y12,AM12,BA12,BO12) -> 0 | K12: =COUNTA(G12:H12) -> 0 | Y12: =COUNTA(M12:V12) -> 0 | AM12: =COUNTA(AA12:AJ12) -> 0 | BA12: =COUNTA(AO12:AX12) -> 0 | BO12: =COUNTA(BC12:BL12) -> 0 | BV12: 시간 | BW12: 출석인원 | BX12: % | BY12: 평균 | CA12: 시간 | CC12: 평균
B13: 이난영 | C13: 여 | D13: =SUM(K13,Y13,AM13,BA13,BO13) -> 0 | K13: =COUNTA(G13:H13) -> 0 | Y13: =COUNTA(M13:V13) -> 0 | AM13: =COUNTA(AA13:AJ13) -> 0 | BA13: =COUNTA(AO13:AX13) -> 0 | BO13: =COUNTA(BC13:BL13) -> 0 | BV13: 7 | BW13: =IFERROR(__xludf.DUMMYFUNCTION("COUNTIF(MAP($G$8:$H$503,LAMBDA(c,IF(TRIM(c)="""","""",MIN(VALUE(SPLIT(SUBSTITUTE(SUBSTITUTE(SUBSTITUTE(c,"" "",""""),""，"","",""),"";"","",""),"","")))))),BV13)"),2) -> 2 | BX13: =BW13/SUM($BW$13:$BW$22)*100 -> 4.7619048 | BY13: =BW13/$BW$3 -> 2 | CA13: 7 | CC13: =ROUND(SUM(BW13,BW25,BW37,BW49,BW61)/$BW$1,0) -> 1
B14: 이지현 | C14: 여 | D14: =SUM(K14,Y14,AM14,BA14,BO14) -> 2 | K14: =COUNTA(G14:H14) -> 0 | O14: 21 | S14: 21 | Y14: =COUNTA(M14:V14) -> 2 | AM14: =COUNTA(AA14:AJ14) -> 0 | BA14: =COUNTA(AO14:AX14) -> 0 | BO14: =COUNTA(BC14:BL14) -> 0 | BV14: 8 | BW14: =IFERROR(__xludf.DUMMYFUNCTION("COUNTIF(MAP($G$8:$H$503,LAMBDA(c,IF(TRIM(c)="""","""",MIN(VALUE(SPLIT(SUBSTITUTE(SUBSTITUTE(SUBSTITUTE(c,"" "",""""),""，"","",""),"";"","",""),"","")))))),BV14)"),5) -> 5 | BX14: =BW14/SUM($BW$13:$BW$22)*100 -> 11.904762 | BY14: =BW14/$BW$3 -> 5 | CA14: 8 | CC14: =ROUND(SUM(BW14,BW26,BW38,BW50,BW62)/$BW$1,0) -> 1
B15: 정유찬 | C15: 남 | D15: =SUM(K15,Y15,AM15,BA15,BO15) -> 4 | K15: =COUNTA(G15:H15) -> 0 | M15: 19 | Q15: 12 | U15: 19 | Y15: =COUNTA(M15:V15) -> 3 | AA15: 18 | AM15: =COUNTA(AA15:AJ15) -> 1 | BA15: =COUNTA(AO15:AX15) -> 0 | BO15: =COUNTA(BC15:BL15) -> 0 | BV15: 10 | BW15: =IFERROR(__xludf.DUMMYFUNCTION("COUNTIF(MAP($G$8:$H$503,LAMBDA(c,IF(TRIM(c)="""","""",MIN(VALUE(SPLIT(SUBSTITUTE(SUBSTITUTE(SUBSTITUTE(c,"" "",""""),""，"","",""),"";"","",""),"","")))))),BV15)"),6) -> 6 | BX15: =BW15/SUM($BW$13:$BW$22)*100 -> 14.285714 | BY15: =BW15/$BW$3 -> 6 | CA15: 10 | CC15: =ROUND(SUM(BW15,BW27,BW39,BW51,BW63)/$BW$1,0) -> 2
B16: 전용순 | C16: 여 | D16: =SUM(K16,Y16,AM16,BA16,BO16) -> 6 | G16: 17 | K16: =COUNTA(G16:H16) -> 1 | O16: 17 | Q16: 17 | S16: 17 | U16: 17 | Y16: =COUNTA(M16:V16) -> 4 | AA16: 17 | AM16: =COUNTA(AA16:AJ16) -> 1 | BA16: =COUNTA(AO16:AX16) -> 0 | BO16: =COUNTA(BC16:BL16) -> 0 | BV16: 12 | BW16: =IFERROR(__xludf.DUMMYFUNCTION("COUNTIF(MAP($G$8:$H$503,LAMBDA(c,IF(TRIM(c)="""","""",MIN(VALUE(SPLIT(SUBSTITUTE(SUBSTITUTE(SUBSTITUTE(c,"" "",""""),""，"","",""),"";"","",""),"","")))))),BV16)"),4) -> 4 | BX16: =BW16/SUM($BW$13:$BW$22)*100 -> 9.5238095 | BY16: =BW16/$BW$3 -> 4 | CA16: 12 | CC16: =ROUND(SUM(BW16,BW28,BW40,BW52,BW64)/$BW$1,0) -> 2
B17: 김용희 | C17: 남 | D17: =SUM(K17,Y17,AM17,BA17,BO17) -> 1 | K17: =COUNTA(G17:H17) -> 0 | U17: 18 | Y17: =COUNTA(M17:V17) -> 1 | AM17: =COUNTA(AA17:AJ17) -> 0 | BA17: =COUNTA(AO17:AX17) -> 0 | BO17: =COUNTA(BC17:BL17) -> 0 | BV17: 17 | BW17: =IFERROR(__xludf.DUMMYFUNCTION("COUNTIF(MAP($G$8:$H$503,LAMBDA(c,IF(TRIM(c)="""","""",MIN(VALUE(SPLIT(SUBSTITUTE(SUBSTITUTE(SUBSTITUTE(c,"" "",""""),""，"","",""),"";"","",""),"","")))))),BV17)"),9) -> 9 | BX17: =BW17/SUM($BW$13:$BW$22)*100 -> 21.428571 | BY17: =BW17/$BW$3 -> 9 | CA17: 17 | CC17: =ROUND(SUM(BW17,BW29,BW41,BW53,BW65)/$BW$1,0) -> 3
B18: 황서영 | C18: 여 | D18: =SUM(K18,Y18,AM18,BA18,BO18) -> 6 | G18: 17 | K18: =COUNTA(G18:H18) -> 1 | M18: 17 | Q18: 17 | S18: 17 | U18: 17 | Y18: =COUNTA(M18:V18) -> 4 | AA18: 17 | AM18: =COUNTA(AA18:AJ18) -> 1 | BA18: =COUNTA(AO18:AX18) -> 0 | BO18: =COUNTA(BC18:BL18) -> 0 | BV18: 18 | BW18: =IFERROR(__xludf.DUMMYFUNCTION("COUNTIF(MAP($G$8:$H$503,LAMBDA(c,IF(TRIM(c)="""","""",MIN(VALUE(SPLIT(SUBSTITUTE(SUBSTITUTE(SUBSTITUTE(c,"" "",""""),""，"","",""),"";"","",""),"","")))))),BV18)"),5) -> 5 | BX18: =BW18/SUM($BW$13:$BW$22)*100 -> 11.904762 | BY18: =BW18/$BW$3 -> 5 | CA18: 18 | CC18: =ROUND(SUM(BW18,BW30,BW42,BW54,BW66)/$BW$1,0) -> 2
B19: 박유나 | C19: 여 | D19: =SUM(K19,Y19,AM19,BA19,BO19) -> 1 | K19: =COUNTA(G19:H19) -> 0 | Y19: =COUNTA(M19:V19) -> 0 | AA19: 7 | AM19: =COUNTA(AA19:AJ19) -> 1 | BA19: =COUNTA(AO19:AX19) -> 0 | BO19: =COUNTA(BC19:BL19) -> 0 | BV19: 19 | BW19: =IFERROR(__xludf.DUMMYFUNCTION("COUNTIF(MAP($G$8:$H$503,LAMBDA(c,IF(TRIM(c)="""","""",MIN(VALUE(SPLIT(SUBSTITUTE(SUBSTITUTE(SUBSTITUTE(c,"" "",""""),""，"","",""),"";"","",""),"","")))))),BV19)"),1) -> 1 | BX19: =BW19/SUM($BW$13:$BW$22)*100 -> 2.3809524 | BY19: =BW19/$BW$3 -> 1 | CA19: 19 | CC19: =ROUND(SUM(BW19,BW31,BW43,BW55,BW67)/$BW$1,0) -> 1
B20: 김지윤 | C20: 여 | D20: =SUM(K20,Y20,AM20,BA20,BO20) -> 6 | G20: 18 | K20: =COUNTA(G20:H20) -> 1 | M20: 20 | O20: 20 | S20: 20 | U20: 19 | Y20: =COUNTA(M20:V20) -> 4 | AA20: 20 | AM20: =COUNTA(AA20:AJ20) -> 1 | BA20: =COUNTA(AO20:AX20) -> 0 | BO20: =COUNTA(BC20:BL20) -> 0 | BV20: 20 | BW20: =IFERROR(__xludf.DUMMYFUNCTION("COUNTIF(MAP($G$8:$H$503,LAMBDA(c,IF(TRIM(c)="""","""",MIN(VALUE(SPLIT(SUBSTITUTE(SUBSTITUTE(SUBSTITUTE(c,"" "",""""),""，"","",""),"";"","",""),"","")))))),BV20)"),5) -> 5 | BX20: =BW20/SUM($BW$13:$BW$22)*100 -> 11.904762 | BY20: =BW20/$BW$3 -> 5 | CA20: 20 | CC20: =ROUND(SUM(BW20,BW32,BW44,BW56,BW68)/$BW$1,0) -> 3
B21: 오현옥 | C21: 여 | D21: =SUM(K21,Y21,AM21,BA21,BO21) -> 0 | K21: =COUNTA(G21:H21) -> 0 | Y21: =COUNTA(M21:V21) -> 0 | AM21: =COUNTA(AA21:AJ21) -> 0 | BA21: =COUNTA(AO21:AX21) -> 0 | BO21: =COUNTA(BC21:BL21) -> 0 | BV21: 21 | BW21: =IFERROR(__xludf.DUMMYFUNCTION("COUNTIF(MAP($G$8:$H$503,LAMBDA(c,IF(TRIM(c)="""","""",MIN(VALUE(SPLIT(SUBSTITUTE(SUBSTITUTE(SUBSTITUTE(c,"" "",""""),""，"","",""),"";"","",""),"","")))))),BV21)"),5) -> 5 | BX21: =BW21/SUM($BW$13:$BW$22)*100 -> 11.904762 | BY21: =BW21/$BW$3 -> 5 | CA21: 21 | CC21: =ROUND(SUM(BW21,BW33,BW45,BW57,BW69)/$BW$1,0) -> 2
B22: 정현주 | C22: 여 | D22: =SUM(K22,Y22,AM22,BA22,BO22) -> 0 | K22: =COUNTA(G22:H22) -> 0 | Y22: =COUNTA(M22:V22) -> 0 | AM22: =COUNTA(AA22:AJ22) -> 0 | BA22: =COUNTA(AO22:AX22) -> 0 | BO22: =COUNTA(BC22:BL22) -> 0
B23: 박형선 | C23: 여 | D23: =SUM(K23,Y23,AM23,BA23,BO23) -> 0 | K23: =COUNTA(G23:H23) -> 0 | Y23: =COUNTA(M23:V23) -> 0 | AM23: =COUNTA(AA23:AJ23) -> 0 | BA23: =COUNTA(AO23:AX23) -> 0 | BO23: =COUNTA(BC23:BL23) -> 0 | BV23: 2주차
B24: 이자경 | C24: 여 | D24: =SUM(K24,Y24,AM24,BA24,BO24) -> 1 | K24: =COUNTA(G24:H24) -> 0 | Y24: =COUNTA(M24:V24) -> 0 | AA24: 8 | AM24: =COUNTA(AA24:AJ24) -> 1 | BA24: =COUNTA(AO24:AX24) -> 0 | BO24: =COUNTA(BC24:BL24) -> 0 | BV24: 시간 | BW24: 출석인원 | BX24: % | BY24: 평균
B25: 박현미 | C25: 여 | D25: =SUM(K25,Y25,AM25,BA25,BO25) -> 6 | K25: =COUNTA(G25:H25) -> 0 | M25: 17 | O25: 17 | Q25: 10 | S25: 17 | U25: 17 | Y25: =COUNTA(M25:V25) -> 5 | AA25: 17 | AM25: =COUNTA(AA25:AJ25) -> 1 | BA25: =COUNTA(AO25:AX25) -> 0 | BO25: =COUNTA(BC25:BL25) -> 0 | BV25: 7 | BW25: =IFERROR(__xludf.DUMMYFUNCTION("COUNTIF(MAP($M$8:$V$500,LAMBDA(c,IF(TRIM(c)="""","""",MIN(VALUE(SPLIT(SUBSTITUTE(SUBSTITUTE(SUBSTITUTE(c,"" "",""""),""，"","",""),"";"","",""),"","")))))),BV25)"),6) -> 6 | BX25: =BW25/SUM($BW$25:$BW$34)*100 -> 2.2813688 | BY25: =BW25/$BW$4 -> 1.2
B26: 김수현 | C26: 여 | D26: =SUM(K26,Y26,AM26,BA26,BO26) -> 0 | K26: =COUNTA(G26:H26) -> 0 | Y26: =COUNTA(M26:V26) -> 0 | AM26: =COUNTA(AA26:AJ26) -> 0 | BA26: =COUNTA(AO26:AX26) -> 0 | BO26: =COUNTA(BC26:BL26) -> 0 | BV26: 8 | BW26: =IFERROR(__xludf.DUMMYFUNCTION("COUNTIF(MAP($M$8:$V$500,LAMBDA(c,IF(TRIM(c)="""","""",MIN(VALUE(SPLIT(SUBSTITUTE(SUBSTITUTE(SUBSTITUTE(c,"" "",""""),""，"","",""),"";"","",""),"","")))))),BV26)"),20) -> 20 | BX26: =BW26/SUM($BW$25:$BW$34)*100 -> 7.6045627 | BY26: =BW26/$BW$4 -> 4
B27: 고경민 | C27: 여 | D27: =SUM(K27,Y27,AM27,BA27,BO27) -> 2 | K27: =COUNTA(G27:H27) -> 0 | M27: 17 | O27: 12 | Y27: =COUNTA(M27:V27) -> 2 | AM27: =COUNTA(AA27:AJ27) -> 0 | BA27: =COUNTA(AO27:AX27) -> 0 | BO27: =COUNTA(BC27:BL27) -> 0 | BV27: 10 | BW27: =IFERROR(__xludf.DUMMYFUNCTION("COUNTIF(MAP($M$8:$V$500,LAMBDA(c,IF(TRIM(c)="""","""",MIN(VALUE(SPLIT(SUBSTITUTE(SUBSTITUTE(SUBSTITUTE(c,"" "",""""),""，"","",""),"";"","",""),"","")))))),BV27)"),28) -> 28 | BX27: =BW27/SUM($BW$25:$BW$34)*100 -> 10.646388 | BY27: =BW27/$BW$4 -> 5.6
B28: 강세철 | C28: 남 | D28: =SUM(K28,Y28,AM28,BA28,BO28) -> 0 | K28: =COUNTA(G28:H28) -> 0 | Y28: =COUNTA(M28:V28) -> 0 | AM28: =COUNTA(AA28:AJ28) -> 0 | BA28: =COUNTA(AO28:AX28) -> 0 | BO28: =COUNTA(BC28:BL28) -> 0 | BV28: 12 | BW28: =IFERROR(__xludf.DUMMYFUNCTION("COUNTIF(MAP($M$8:$V$500,LAMBDA(c,IF(TRIM(c)="""","""",MIN(VALUE(SPLIT(SUBSTITUTE(SUBSTITUTE(SUBSTITUTE(c,"" "",""""),""，"","",""),"";"","",""),"","")))))),BV28)"),30) -> 30 | BX28: =BW28/SUM($BW$25:$BW$34)*100 -> 11.406844 | BY28: =BW28/$BW$4 -> 6
B29: 양정원 | C29: 여 | D29: =SUM(K29,Y29,AM29,BA29,BO29) -> 0 | K29: =COUNTA(G29:H29) -> 0 | Y29: =COUNTA(M29:V29) -> 0 | AM29: =COUNTA(AA29:AJ29) -> 0 | BA29: =COUNTA(AO29:AX29) -> 0 | BO29: =COUNTA(BC29:BL29) -> 0 | BV29: 17 | BW29: =IFERROR(__xludf.DUMMYFUNCTION("COUNTIF(MAP($M$8:$V$500,LAMBDA(c,IF(TRIM(c)="""","""",MIN(VALUE(SPLIT(SUBSTITUTE(SUBSTITUTE(SUBSTITUTE(c,"" "",""""),""，"","",""),"";"","",""),"","")))))),BV29)"),49) -> 49 | BX29: =BW29/SUM($BW$25:$BW$34)*100 -> 18.631179 | BY29: =BW29/$BW$4 -> 9.8
B30: 전다희 | C30: 여 | D30: =SUM(K30,Y30,AM30,BA30,BO30) -> 0 | K30: =COUNTA(G30:H30) -> 0 | Y30: =COUNTA(M30:V30) -> 0 | AM30: =COUNTA(AA30:AJ30) -> 0 | BA30: =COUNTA(AO30:AX30) -> 0 | BO30: =COUNTA(BC30:BL30) -> 0 | BV30: 18 | BW30: =IFERROR(__xludf.DUMMYFUNCTION("COUNTIF(MAP($M$8:$V$500,LAMBDA(c,IF(TRIM(c)="""","""",MIN(VALUE(SPLIT(SUBSTITUTE(SUBSTITUTE(SUBSTITUTE(c,"" "",""""),""，"","",""),"";"","",""),"","")))))),BV30)"),27) -> 27 | BX30: =BW30/SUM($BW$25:$BW$34)*100 -> 10.26616 | BY30: =BW30/$BW$4 -> 5.4
B31: 김혜원 | C31: 여 | D31: =SUM(K31,Y31,AM31,BA31,BO31) -> 3 | G31: 17 | I31: 11 | K31: =COUNTA(G31:H31) -> 1 | M31: 21 | U31: 18 | W31: 13 | Y31: =COUNTA(M31:V31) -> 2 | AM31: =COUNTA(AA31:AJ31) -> 0 | BA31: =COUNTA(AO31:AX31) -> 0 | BO31: =COUNTA(BC31:BL31) -> 0 | BV31: 19 | BW31: =IFERROR(__xludf.DUMMYFUNCTION("COUNTIF(MAP($M$8:$V$500,LAMBDA(c,IF(TRIM(c)="""","""",MIN(VALUE(SPLIT(SUBSTITUTE(SUBSTITUTE(SUBSTITUTE(c,"" "",""""),""，"","",""),"";"","",""),"","")))))),BV31)"),24) -> 24 | BX31: =BW31/SUM($BW$25:$BW$34)*100 -> 9.1254753 | BY31: =BW31/$BW$4 -> 4.8
B32: 김혜민 | C32: 여 | D32: =SUM(K32,Y32,AM32,BA32,BO32) -> 6 | G32: 21 | K32: =COUNTA(G32:H32) -> 1 | M32: 20 | O32: 17 | Q32: 18 | U32: 21 | Y32: =COUNTA(M32:V32) -> 4 | AA32: 21 | AM32: =COUNTA(AA32:AJ32) -> 1 | BA32: =COUNTA(AO32:AX32) -> 0 | BO32: =COUNTA(BC32:BL32) -> 0 | BV32: 20 | BW32: =IFERROR(__xludf.DUMMYFUNCTION("COUNTIF(MAP($M$8:$V$500,LAMBDA(c,IF(TRIM(c)="""","""",MIN(VALUE(SPLIT(SUBSTITUTE(SUBSTITUTE(SUBSTITUTE(c,"" "",""""),""，"","",""),"";"","",""),"","")))))),BV32)"),46) -> 46 | BX32: =BW32/SUM($BW$25:$BW$34)*100 -> 17.490494 | BY32: =BW32/$BW$4 -> 9.2
B33: 권현진 | C33: 여 | D33: =SUM(K33,Y33,AM33,BA33,BO33) -> 4 | G33: 12 | K33: =COUNTA(G33:H33) -> 1 | M33: 12 | U33: 12 | Y33: =COUNTA(M33:V33) -> 2 | AA33: 11 | AM33: =COUNTA(AA33:AJ33) -> 1 | BA33: =COUNTA(AO33:AX33) -> 0 | BO33: =COUNTA(BC33:BL33) -> 0 | BV33: 21 | BW33: =IFERROR(__xludf.DUMMYFUNCTION("COUNTIF(MAP($M$8:$V$500,LAMBDA(c,IF(TRIM(c)="""","""",MIN(VALUE(SPLIT(SUBSTITUTE(SUBSTITUTE(SUBSTITUTE(c,"" "",""""),""，"","",""),"";"","",""),"","")))))),BV33)"),33) -> 33 | BX33: =BW33/SUM($BW$25:$BW$34)*100 -> 12.547529 | BY33: =BW33/$BW$4 -> 6.6
B34: 권항주 | C34: 여 | D34: =SUM(K34,Y34,AM34,BA34,BO34) -> 5 | G34: 17 | I34: 11 | K34: =COUNTA(G34:H34) -> 1 | M34: 18 | O34: 17 | U34: 17 | W34: 13 | Y34: =COUNTA(M34:V34) -> 3 | AA34: 17 | AM34: =COUNTA(AA34:AJ34) -> 1 | BA34: =COUNTA(AO34:AX34) -> 0 | BO34: =COUNTA(BC34:BL34) -> 0
B35: 구영주 | C35: 여 | D35: =SUM(K35,Y35,AM35,BA35,BO35) -> 4 | K35: =COUNTA(G35:H35) -> 0 | O35: 17 | S35: 18 | U35: 17 | Y35: =COUNTA(M35:V35) -> 3 | AA35: 17 | AM35: =COUNTA(AA35:AJ35) -> 1 | BA35: =COUNTA(AO35:AX35) -> 0 | BO35: =COUNTA(BC35:BL35) -> 0 | BV35: 3주차
B36: 최윤정 | C36: 여 | D36: =SUM(K36,Y36,AM36,BA36,BO36) -> 4 | K36: =COUNTA(G36:H36) -> 0 | M36: 12 | Q36: 12 | U36: 17 | Y36: =COUNTA(M36:V36) -> 3 | AA36: 11 | AM36: =COUNTA(AA36:AJ36) -> 1 | BA36: =COUNTA(AO36:AX36) -> 0 | BO36: =COUNTA(BC36:BL36) -> 0 | BV36: 시간 | BW36: 출석인원 | BX36: % | BY36: 평균
B37: 김승주 | C37: 여 | D37: =SUM(K37,Y37,AM37,BA37,BO37) -> 0 | K37: =COUNTA(G37:H37) -> 0 | Y37: =COUNTA(M37:V37) -> 0 | AM37: =COUNTA(AA37:AJ37) -> 0 | BA37: =COUNTA(AO37:AX37) -> 0 | BO37: =COUNTA(BC37:BL37) -> 0 | BV37: 7 | BW37: =IFERROR(__xludf.DUMMYFUNCTION("COUNTIF(MAP($AA$8:$AJ$503,LAMBDA(c,IF(TRIM(c)="""","""",MIN(VALUE(SPLIT(SUBSTITUTE(SUBSTITUTE(SUBSTITUTE(c,"" "",""""),""，"","",""),"";"","",""),"","")))))),BV37)"),3) -> 3 | BX37: =BW37/SUM($BW$37:$BW$46)*100 -> 5.4545455 | BY37: =BW37/$BW$5 -> 0.6
B38: 신지영 | C38: 여 | D38: =SUM(K38,Y38,AM38,BA38,BO38) -> 4 | G38: 12 | K38: =COUNTA(G38:H38) -> 1 | Q38: 12 | S38: 12 | Y38: =COUNTA(M38:V38) -> 2 | AA38: 18 | AM38: =COUNTA(AA38:AJ38) -> 1 | BA38: =COUNTA(AO38:AX38) -> 0 | BO38: =COUNTA(BC38:BL38) -> 0 | BV38: 8 | BW38: =IFERROR(__xludf.DUMMYFUNCTION("COUNTIF(MAP($AA$8:$AJ$503,LAMBDA(c,IF(TRIM(c)="""","""",MIN(VALUE(SPLIT(SUBSTITUTE(SUBSTITUTE(SUBSTITUTE(c,"" "",""""),""，"","",""),"";"","",""),"","")))))),BV38)"),4) -> 4 | BX38: =BW38/SUM($BW$37:$BW$46)*100 -> 7.2727273 | BY38: =BW38/$BW$5 -> 0.8
B39: 신미화 | C39: 여 | D39: =SUM(K39,Y39,AM39,BA39,BO39) -> 4 | G39: 7 | K39: =COUNTA(G39:H39) -> 1 | M39: 7 | S39: 7 | Y39: =COUNTA(M39:V39) -> 2 | AA39: 7 | AM39: =COUNTA(AA39:AJ39) -> 1 | BA39: =COUNTA(AO39:AX39) -> 0 | BO39: =COUNTA(BC39:BL39) -> 0 | BV39: 10 | BW39: =IFERROR(__xludf.DUMMYFUNCTION("COUNTIF(MAP($AA$8:$AJ$503,LAMBDA(c,IF(TRIM(c)="""","""",MIN(VALUE(SPLIT(SUBSTITUTE(SUBSTITUTE(SUBSTITUTE(c,"" "",""""),""，"","",""),"";"","",""),"","")))))),BV39)"),10) -> 10 | BX39: =BW39/SUM($BW$37:$BW$46)*100 -> 18.181818 | BY39: =BW39/$BW$5 -> 2
B40: 박성수 | C40: 남 | D40: =SUM(K40,Y40,AM40,BA40,BO40) -> 1 | K40: =COUNTA(G40:H40) -> 0 | S40: 8 | Y40: =COUNTA(M40:V40) -> 1 | AM40: =COUNTA(AA40:AJ40) -> 0 | BA40: =COUNTA(AO40:AX40) -> 0 | BO40: =COUNTA(BC40:BL40) -> 0 | BV40: 12 | BW40: =IFERROR(__xludf.DUMMYFUNCTION("COUNTIF(MAP($AA$8:$AJ$503,LAMBDA(c,IF(TRIM(c)="""","""",MIN(VALUE(SPLIT(SUBSTITUTE(SUBSTITUTE(SUBSTITUTE(c,"" "",""""),""，"","",""),"";"","",""),"","")))))),BV40)"),0) -> 0 | BX40: =BW40/SUM($BW$37:$BW$46)*100 -> 0 | BY40: =BW40/$BW$5 -> 0
B41: 박성화 | C41: 여 | D41: =SUM(K41,Y41,AM41,BA41,BO41) -> 4 | E41: 13 | G41: 17 | K41: =COUNTA(G41:H41) -> 1 | M41: 17 | U41: 17 | Y41: =COUNTA(M41:V41) -> 2 | AA41: 18 | AM41: =COUNTA(AA41:AJ41) -> 1 | BA41: =COUNTA(AO41:AX41) -> 0 | BO41: =COUNTA(BC41:BL41) -> 0 | BV41: 17 | BW41: =IFERROR(__xludf.DUMMYFUNCTION("COUNTIF(MAP($AA$8:$AJ$503,LAMBDA(c,IF(TRIM(c)="""","""",MIN(VALUE(SPLIT(SUBSTITUTE(SUBSTITUTE(SUBSTITUTE(c,"" "",""""),""，"","",""),"";"","",""),"","")))))),BV41)"),9) -> 9 | BX41: =BW41/SUM($BW$37:$BW$46)*100 -> 16.363636 | BY41: =BW41/$BW$5 -> 1.8
B42: 장은재 | C42: 여 | D42: =SUM(K42,Y42,AM42,BA42,BO42) -> 1 | K42: =COUNTA(G42:H42) -> 0 | O42: 20 | Y42: =COUNTA(M42:V42) -> 1 | AM42: =COUNTA(AA42:AJ42) -> 0 | BA42: =COUNTA(AO42:AX42) -> 0 | BO42: =COUNTA(BC42:BL42) -> 0 | BV42: 18 | BW42: =IFERROR(__xludf.DUMMYFUNCTION("COUNTIF(MAP($AA$8:$AJ$503,LAMBDA(c,IF(TRIM(c)="""","""",MIN(VALUE(SPLIT(SUBSTITUTE(SUBSTITUTE(SUBSTITUTE(c,"" "",""""),""，"","",""),"";"","",""),"","")))))),BV42)"),9) -> 9 | BX42: =BW42/SUM($BW$37:$BW$46)*100 -> 16.363636 | BY42: =BW42/$BW$5 -> 1.8
B43: 임채연 | C43: 여 | D43: =SUM(K43,Y43,AM43,BA43,BO43) -> 1 | K43: =COUNTA(G43:H43) -> 0 | M43: 17 | Y43: =COUNTA(M43:V43) -> 1 | AM43: =COUNTA(AA43:AJ43) -> 0 | BA43: =COUNTA(AO43:AX43) -> 0 | BO43: =COUNTA(BC43:BL43) -> 0 | BV43: 19 | BW43: =IFERROR(__xludf.DUMMYFUNCTION("COUNTIF(MAP($AA$8:$AJ$503,LAMBDA(c,IF(TRIM(c)="""","""",MIN(VALUE(SPLIT(SUBSTITUTE(SUBSTITUTE(SUBSTITUTE(c,"" "",""""),""，"","",""),"";"","",""),"","")))))),BV43)"),6) -> 6 | BX43: =BW43/SUM($BW$37:$BW$46)*100 -> 10.909091 | BY43: =BW43/$BW$5 -> 1.2
B44: 이라임 | C44: 여 | D44: =SUM(K44,Y44,AM44,BA44,BO44) -> 0 | K44: =COUNTA(G44:H44) -> 0 | Y44: =COUNTA(M44:V44) -> 0 | AM44: =COUNTA(AA44:AJ44) -> 0 | BA44: =COUNTA(AO44:AX44) -> 0 | BO44: =COUNTA(BC44:BL44) -> 0 | BV44: 20 | BW44: =IFERROR(__xludf.DUMMYFUNCTION("COUNTIF(MAP($AA$8:$AJ$503,LAMBDA(c,IF(TRIM(c)="""","""",MIN(VALUE(SPLIT(SUBSTITUTE(SUBSTITUTE(SUBSTITUTE(c,"" "",""""),""，"","",""),"";"","",""),"","")))))),BV44)"),8) -> 8 | BX44: =BW44/SUM($BW$37:$BW$46)*100 -> 14.545455 | BY44: =BW44/$BW$5 -> 1.6
B45: 김민경 | C45: 여 | D45: =SUM(K45,Y45,AM45,BA45,BO45) -> 0 | K45: =COUNTA(G45:H45) -> 0 | Y45: =COUNTA(M45:V45) -> 0 | AM45: =COUNTA(AA45:AJ45) -> 0 | BA45: =COUNTA(AO45:AX45) -> 0 | BO45: =COUNTA(BC45:BL45) -> 0 | BV45: 21 | BW45: =IFERROR(__xludf.DUMMYFUNCTION("COUNTIF(MAP($AA$8:$AJ$503,LAMBDA(c,IF(TRIM(c)="""","""",MIN(VALUE(SPLIT(SUBSTITUTE(SUBSTITUTE(SUBSTITUTE(c,"" "",""""),""，"","",""),"";"","",""),"","")))))),BV45)"),6) -> 6 | BX45: =BW45/SUM($BW$37:$BW$46)*100 -> 10.909091 | BY45: =BW45/$BW$5 -> 1.2
B46: 이영호 | C46: 남 | D46: =SUM(K46,Y46,AM46,BA46,BO46) -> 0 | K46: =COUNTA(G46:H46) -> 0 | Y46: =COUNTA(M46:V46) -> 0 | AM46: =COUNTA(AA46:AJ46) -> 0 | BA46: =COUNTA(AO46:AX46) -> 0 | BO46: =COUNTA(BC46:BL46) -> 0
B47: 이현정 | C47: 여 | D47: =SUM(K47,Y47,AM47,BA47,BO47) -> 3 | E47: 13 | G47: 21 | I47: 13 | K47: =COUNTA(G47:H47) -> 1 | M47: 21 | U47: 21 | Y47: =COUNTA(M47:V47) -> 2 | AM47: =COUNTA(AA47:AJ47) -> 0 | BA47: =COUNTA(AO47:AX47) -> 0 | BO47: =COUNTA(BC47:BL47) -> 0 | BV47: 4주차
B48: 문미옥 | C48: 여 | D48: =SUM(K48,Y48,AM48,BA48,BO48) -> 0 | K48: =COUNTA(G48:H48) -> 0 | Y48: =COUNTA(M48:V48) -> 0 | AM48: =COUNTA(AA48:AJ48) -> 0 | BA48: =COUNTA(AO48:AX48) -> 0 | BO48: =COUNTA(BC48:BL48) -> 0 | BV48: 시간 | BW48: 인원 | BX48: % | BY48: 평균
B49: 김도희 | C49: 남 | D49: =SUM(K49,Y49,AM49,BA49,BO49) -> 0 | K49: =COUNTA(G49:H49) -> 0 | Y49: =COUNTA(M49:V49) -> 0 | AM49: =COUNTA(AA49:AJ49) -> 0 | BA49: =COUNTA(AO49:AX49) -> 0 | BO49: =COUNTA(BC49:BL49) -> 0 | BV49: 7 | BW49: =IFERROR(__xludf.DUMMYFUNCTION("COUNTIF(MAP($AO$8:$AX$503,LAMBDA(c,IF(TRIM(c)="""","""",MIN(VALUE(SPLIT(SUBSTITUTE(SUBSTITUTE(SUBSTITUTE(c,"" "",""""),""，"","",""),"";"","",""),"","")))))),BV49)"),0) -> 0 | BX49: =BW49/SUM($BW$49:$BW$58)*100 -> #DIV/0! | BY49: =BW49/$BW$6 -> 0
B50: 안정민 | C50: 여 | D50: =SUM(K50,Y50,AM50,BA50,BO50) -> 2 | K50: =COUNTA(G50:H50) -> 0 | O50: 12 | Q50: 21 | Y50: =COUNTA(M50:V50) -> 2 | AM50: =COUNTA(AA50:AJ50) -> 0 | BA50: =COUNTA(AO50:AX50) -> 0 | BO50: =COUNTA(BC50:BL50) -> 0 | BV50: 8 | BW50: =IFERROR(__xludf.DUMMYFUNCTION("COUNTIF(MAP($AO$8:$AX$503,LAMBDA(c,IF(TRIM(c)="""","""",MIN(VALUE(SPLIT(SUBSTITUTE(SUBSTITUTE(SUBSTITUTE(c,"" "",""""),""，"","",""),"";"","",""),"","")))))),BV50)"),0) -> 0 | BX50: =BW50/SUM($BW$49:$BW$58)*100 -> #DIV/0! | BY50: =BW50/$BW$6 -> 0
B51: 박선정 | C51: 여 | D51: =SUM(K51,Y51,AM51,BA51,BO51) -> 0 | K51: =COUNTA(G51:H51) -> 0 | Y51: =COUNTA(M51:V51) -> 0 | AM51: =COUNTA(AA51:AJ51) -> 0 | BA51: =COUNTA(AO51:AX51) -> 0 | BO51: =COUNTA(BC51:BL51) -> 0 | BV51: 10 | BW51: =IFERROR(__xludf.DUMMYFUNCTION("COUNTIF(MAP($AO$8:$AX$503,LAMBDA(c,IF(TRIM(c)="""","""",MIN(VALUE(SPLIT(SUBSTITUTE(SUBSTITUTE(SUBSTITUTE(c,"" "",""""),""，"","",""),"";"","",""),"","")))))),BV51)"),0) -> 0 | BX51: =BW51/SUM($BW$49:$BW$58)*100 -> #DIV/0! | BY51: =BW51/$BW$6 -> 0
B52: 노홍주 | C52: 여 | D52: =SUM(K52,Y52,AM52,BA52,BO52) -> 7 | G52: 20 | K52: =COUNTA(G52:H52) -> 1 | M52: 20 | O52: 20 | Q52: 20 | S52: 20 | U52: 20 | Y52: =COUNTA(M52:V52) -> 5 | AA52: 20 | AM52: =COUNTA(AA52:AJ52) -> 1 | BA52: =COUNTA(AO52:AX52) -> 0 | BO52: =COUNTA(BC52:BL52) -> 0 | BV52: 12 | BW52: =IFERROR(__xludf.DUMMYFUNCTION("COUNTIF(MAP($AO$8:$AX$503,LAMBDA(c,IF(TRIM(c)="""","""",MIN(VALUE(SPLIT(SUBSTITUTE(SUBSTITUTE(SUBSTITUTE(c,"" "",""""),""，"","",""),"";"","",""),"","")))))),BV52)"),0) -> 0 | BX52: =BW52/SUM($BW$49:$BW$58)*100 -> #DIV/0! | BY52: =BW52/$BW$6 -> 0
B53: 이범수 | C53: 남 | D53: =SUM(K53,Y53,AM53,BA53,BO53) -> 6 | G53: 12 | K53: =COUNTA(G53:H53) -> 1 | M53: 19 | O53: 18 | S53: 18 | U53: 18 | Y53: =COUNTA(M53:V53) -> 4 | AA53: 19 | AM53: =COUNTA(AA53:AJ53) -> 1 | BA53: =COUNTA(AO53:AX53) -> 0 | BO53: =COUNTA(BC53:BL53) -> 0 | BV53: 17 | BW53: =IFERROR(__xludf.DUMMYFUNCTION("COUNTIF(MAP($AO$8:$AX$503,LAMBDA(c,IF(TRIM(c)="""","""",MIN(VALUE(SPLIT(SUBSTITUTE(SUBSTITUTE(SUBSTITUTE(c,"" "",""""),""，"","",""),"";"","",""),"","")))))),BV53)"),0) -> 0 | BX53: =BW53/SUM($BW$49:$BW$58)*100 -> #DIV/0! | BY53: =BW53/$BW$6 -> 0
B54: 박슬기 | C54: 여 | D54: =SUM(K54,Y54,AM54,BA54,BO54) -> 5 | G54: 8 | I54: 11 | K54: =COUNTA(G54:H54) -> 1 | M54: 17 | Q54: 21 | S54: 8 | U54: 8 | Y54: =COUNTA(M54:V54) -> 4 | AM54: =COUNTA(AA54:AJ54) -> 0 | BA54: =COUNTA(AO54:AX54) -> 0 | BO54: =COUNTA(BC54:BL54) -> 0 | BV54: 18 | BW54: =IFERROR(__xludf.DUMMYFUNCTION("COUNTIF(MAP($AO$8:$AX$503,LAMBDA(c,IF(TRIM(c)="""","""",MIN(VALUE(SPLIT(SUBSTITUTE(SUBSTITUTE(SUBSTITUTE(c,"" "",""""),""，"","",""),"";"","",""),"","")))))),BV54)"),0) -> 0 | BX54: =BW54/SUM($BW$49:$BW$58)*100 -> #DIV/0! | BY54: =BW54/$BW$6 -> 0
B55: 김형석 | C55: 남 | D55: =SUM(K55,Y55,AM55,BA55,BO55) -> 2 | K55: =COUNTA(G55:H55) -> 0 | Q55: 20 | U55: 20 | Y55: =COUNTA(M55:V55) -> 2 | AM55: =COUNTA(AA55:AJ55) -> 0 | BA55: =COUNTA(AO55:AX55) -> 0 | BO55: =COUNTA(BC55:BL55) -> 0 | BV55: 19 | BW55: =IFERROR(__xludf.DUMMYFUNCTION("COUNTIF(MAP($AO$8:$AX$503,LAMBDA(c,IF(TRIM(c)="""","""",MIN(VALUE(SPLIT(SUBSTITUTE(SUBSTITUTE(SUBSTITUTE(c,"" "",""""),""，"","",""),"";"","",""),"","")))))),BV55)"),0) -> 0 | BX55: =BW55/SUM($BW$49:$BW$58)*100 -> #DIV/0! | BY55: =BW55/$BW$6 -> 0
B56: 배소영 | C56: 여 | D56: =SUM(K56,Y56,AM56,BA56,BO56) -> 0 | K56: =COUNTA(G56:H56) -> 0 | Y56: =COUNTA(M56:V56) -> 0 | AM56: =COUNTA(AA56:AJ56) -> 0 | BA56: =COUNTA(AO56:AX56) -> 0 | BO56: =COUNTA(BC56:BL56) -> 0 | BV56: 20 | BW56: =IFERROR(__xludf.DUMMYFUNCTION("COUNTIF(MAP($AO$8:$AX$503,LAMBDA(c,IF(TRIM(c)="""","""",MIN(VALUE(SPLIT(SUBSTITUTE(SUBSTITUTE(SUBSTITUTE(c,"" "",""""),""，"","",""),"";"","",""),"","")))))),BV56)"),0) -> 0 | BX56: =BW56/SUM($BW$49:$BW$58)*100 -> #DIV/0! | BY56: =BW56/$BW$6 -> 0
B57: 김현화 | C57: 여 | D57: =SUM(K57,Y57,AM57,BA57,BO57) -> 0 | K57: =COUNTA(G57:H57) -> 0 | Y57: =COUNTA(M57:V57) -> 0 | AM57: =COUNTA(AA57:AJ57) -> 0 | BA57: =COUNTA(AO57:AX57) -> 0 | BO57: =COUNTA(BC57:BL57) -> 0 | BV57: 21 | BW57: =IFERROR(__xludf.DUMMYFUNCTION("COUNTIF(MAP($AO$8:$AX$503,LAMBDA(c,IF(TRIM(c)="""","""",MIN(VALUE(SPLIT(SUBSTITUTE(SUBSTITUTE(SUBSTITUTE(c,"" "",""""),""，"","",""),"";"","",""),"","")))))),BV57)"),0) -> 0 | BX57: =BW57/SUM($BW$49:$BW$58)*100 -> #DIV/0! | BY57: =BW57/$BW$6 -> 0
B58: 이정순 | C58: 여 | D58: =SUM(K58,Y58,AM58,BA58,BO58) -> 3 | G58: 10 | K58: =COUNTA(G58:H58) -> 1 | Q58: 10 | Y58: =COUNTA(M58:V58) -> 1 | AA58: 10 | AM58: =COUNTA(AA58:AJ58) -> 1 | BA58: =COUNTA(AO58:AX58) -> 0 | BO58: =COUNTA(BC58:BL58) -> 0
B59: 이춘순 | C59: 여 | D59: =SUM(K59,Y59,AM59,BA59,BO59) -> 3 | G59: 10 | K59: =COUNTA(G59:H59) -> 1 | M59: 10 | Y59: =COUNTA(M59:V59) -> 1 | AA59: 10 | AM59: =COUNTA(AA59:AJ59) -> 1 | BA59: =COUNTA(AO59:AX59) -> 0 | BO59: =COUNTA(BC59:BL59) -> 0 | BV59: 5주차
B60: 정보경 | C60: 여 | D60: =SUM(K60,Y60,AM60,BA60,BO60) -> 0 | K60: =COUNTA(G60:H60) -> 0 | Y60: =COUNTA(M60:V60) -> 0 | AM60: =COUNTA(AA60:AJ60) -> 0 | BA60: =COUNTA(AO60:AX60) -> 0 | BO60: =COUNTA(BC60:BL60) -> 0 | BV60: 시간 | BW60: 인원 | BX60: % | BY60: 평균
B61: 윤영옥 | C61: 여 | D61: =SUM(K61,Y61,AM61,BA61,BO61) -> 4 | K61: =COUNTA(G61:H61) -> 0 | M61: 8 | O61: 10 | Q61: 8 | U61: 8 | Y61: =COUNTA(M61:V61) -> 4 | AM61: =COUNTA(AA61:AJ61) -> 0 | BA61: =COUNTA(AO61:AX61) -> 0 | BO61: =COUNTA(BC61:BL61) -> 0 | BV61: 7 | BW61: =IFERROR(__xludf.DUMMYFUNCTION("COUNTIF(MAP($BC$8:$BL$503,LAMBDA(c,IF(TRIM(c)="""","""",MIN(VALUE(SPLIT(SUBSTITUTE(SUBSTITUTE(SUBSTITUTE(c,"" "",""""),""，"","",""),"";"","",""),"","")))))),BV61)"),0) -> 0 | BX61: =BW49/SUM($BW$61:$BW$69)*100 -> #DIV/0! | BY61: =BW61/$BW$7 -> 0
B62: 정지영 | C62: 여 | D62: =SUM(K62,Y62,AM62,BA62,BO62) -> 1 | K62: =COUNTA(G62:H62) -> 0 | Y62: =COUNTA(M62:V62) -> 0 | AA62: 10 | AM62: =COUNTA(AA62:AJ62) -> 1 | BA62: =COUNTA(AO62:AX62) -> 0 | BO62: =COUNTA(BC62:BL62) -> 0 | BV62: 8 | BW62: =IFERROR(__xludf.DUMMYFUNCTION("COUNTIF(MAP($BC$8:$BL$503,LAMBDA(c,IF(TRIM(c)="""","""",MIN(VALUE(SPLIT(SUBSTITUTE(SUBSTITUTE(SUBSTITUTE(c,"" "",""""),""，"","",""),"";"","",""),"","")))))),BV62)"),0) -> 0 | BX62: =BW50/SUM($BW$61:$BW$69)*100 -> #DIV/0! | BY62: =BW62/$BW$7 -> 0
B63: 구은아 | C63: 여 | D63: =SUM(K63,Y63,AM63,BA63,BO63) -> 0 | K63: =COUNTA(G63:H63) -> 0 | Y63: =COUNTA(M63:V63) -> 0 | AM63: =COUNTA(AA63:AJ63) -> 0 | BA63: =COUNTA(AO63:AX63) -> 0 | BO63: =COUNTA(BC63:BL63) -> 0 | BV63: 10 | BW63: =IFERROR(__xludf.DUMMYFUNCTION("COUNTIF(MAP($BC$8:$BL$503,LAMBDA(c,IF(TRIM(c)="""","""",MIN(VALUE(SPLIT(SUBSTITUTE(SUBSTITUTE(SUBSTITUTE(c,"" "",""""),""，"","",""),"";"","",""),"","")))))),BV63)"),0) -> 0 | BX63: =BW51/SUM($BW$61:$BW$69)*100 -> #DIV/0! | BY63: =BW63/$BW$7 -> 0
B64: 진세현 | C64: 여 | D64: =SUM(K64,Y64,AM64,BA64,BO64) -> 1 | K64: =COUNTA(G64:H64) -> 0 | O64: 12 | Y64: =COUNTA(M64:V64) -> 1 | AM64: =COUNTA(AA64:AJ64) -> 0 | BA64: =COUNTA(AO64:AX64) -> 0 | BO64: =COUNTA(BC64:BL64) -> 0 | BV64: 12 | BW64: =IFERROR(__xludf.DUMMYFUNCTION("COUNTIF(MAP($BC$8:$BL$503,LAMBDA(c,IF(TRIM(c)="""","""",MIN(VALUE(SPLIT(SUBSTITUTE(SUBSTITUTE(SUBSTITUTE(c,"" "",""""),""，"","",""),"";"","",""),"","")))))),BV64)"),0) -> 0 | BX64: =BW52/SUM($BW$61:$BW$69)*100 -> #DIV/0! | BY64: =BW64/$BW$7 -> 0
B65: 김혜순 | C65: 여 | D65: =SUM(K65,Y65,AM65,BA65,BO65) -> 0 | K65: =COUNTA(G65:H65) -> 0 | Y65: =COUNTA(M65:V65) -> 0 | AM65: =COUNTA(AA65:AJ65) -> 0 | BA65: =COUNTA(AO65:AX65) -> 0 | BO65: =COUNTA(BC65:BL65) -> 0 | BV65: 17 | BW65: =IFERROR(__xludf.DUMMYFUNCTION("COUNTIF(MAP($BC$8:$BL$503,LAMBDA(c,IF(TRIM(c)="""","""",MIN(VALUE(SPLIT(SUBSTITUTE(SUBSTITUTE(SUBSTITUTE(c,"" "",""""),""，"","",""),"";"","",""),"","")))))),BV65)"),0) -> 0 | BX65: =BW53/SUM($BW$61:$BW$69)*100 -> #DIV/0! | BY65: =BW65/$BW$7 -> 0
B66: 최인애 | C66: 여 | D66: =SUM(K66,Y66,AM66,BA66,BO66) -> 0 | K66: =COUNTA(G66:H66) -> 0 | Y66: =COUNTA(M66:V66) -> 0 | AM66: =COUNTA(AA66:AJ66) -> 0 | BA66: =COUNTA(AO66:AX66) -> 0 | BO66: =COUNTA(BC66:BL66) -> 0 | BV66: 18 | BW66: =IFERROR(__xludf.DUMMYFUNCTION("COUNTIF(MAP($BC$8:$BL$503,LAMBDA(c,IF(TRIM(c)="""","""",MIN(VALUE(SPLIT(SUBSTITUTE(SUBSTITUTE(SUBSTITUTE(c,"" "",""""),""，"","",""),"";"","",""),"","")))))),BV66)"),0) -> 0 | BX66: =BW54/SUM($BW$61:$BW$69)*100 -> #DIV/0! | BY66: =BW66/$BW$7 -> 0
B67: 황병욱 | C67: 남 | D67: =SUM(K67,Y67,AM67,BA67,BO67) -> 1 | G67: 17 | K67: =COUNTA(G67:H67) -> 1 | Y67: =COUNTA(M67:V67) -> 0 | AM67: =COUNTA(AA67:AJ67) -> 0 | BA67: =COUNTA(AO67:AX67) -> 0 | BO67: =COUNTA(BC67:BL67) -> 0 | BV67: 19 | BW67: =IFERROR(__xludf.DUMMYFUNCTION("COUNTIF(MAP($BC$8:$BL$503,LAMBDA(c,IF(TRIM(c)="""","""",MIN(VALUE(SPLIT(SUBSTITUTE(SUBSTITUTE(SUBSTITUTE(c,"" "",""""),""，"","",""),"";"","",""),"","")))))),BV67)"),0) -> 0 | BX67: =BW55/SUM($BW$61:$BW$69)*100 -> #DIV/0! | BY67: =BW67/$BW$7 -> 0
B68: 김도하 | C68: 남 | D68: =SUM(K68,Y68,AM68,BA68,BO68) -> 1 | K68: =COUNTA(G68:H68) -> 0 | O68: 19 | Y68: =COUNTA(M68:V68) -> 1 | AM68: =COUNTA(AA68:AJ68) -> 0 | BA68: =COUNTA(AO68:AX68) -> 0 | BO68: =COUNTA(BC68:BL68) -> 0 | BV68: 20 | BW68: =IFERROR(__xludf.DUMMYFUNCTION("COUNTIF(MAP($BC$8:$BL$503,LAMBDA(c,IF(TRIM(c)="""","""",MIN(VALUE(SPLIT(SUBSTITUTE(SUBSTITUTE(SUBSTITUTE(c,"" "",""""),""，"","",""),"";"","",""),"","")))))),BV68)"),0) -> 0 | BX68: =BW56/SUM($BW$61:$BW$69)*100 -> #DIV/0! | BY68: =BW68/$BW$7 -> 0
B69: 김혜민B | C69: 여 | D69: =SUM(K69,Y69,AM69,BA69,BO69) -> 1 | K69: =COUNTA(G69:H69) -> 0 | Q69: 21 | Y69: =COUNTA(M69:V69) -> 1 | AM69: =COUNTA(AA69:AJ69) -> 0 | BA69: =COUNTA(AO69:AX69) -> 0 | BO69: =COUNTA(BC69:BL69) -> 0 | BV69: 21 | BW69: =IFERROR(__xludf.DUMMYFUNCTION("COUNTIF(MAP($BC$8:$BL$503,LAMBDA(c,IF(TRIM(c)="""","""",MIN(VALUE(SPLIT(SUBSTITUTE(SUBSTITUTE(SUBSTITUTE(c,"" "",""""),""，"","",""),"";"","",""),"","")))))),BV69)"),0) -> 0 | BX69: =BW57/SUM($BW$61:$BW$69)*100 -> #DIV/0! | BY69: =BW69/$BW$7 -> 0
B70: 박태근 | C70: 남 | D70: =SUM(K70,Y70,AM70,BA70,BO70) -> 3 | K70: =COUNTA(G70:H70) -> 0 | M70: 20 | Q70: 21 | U70: 21 | Y70: =COUNTA(M70:V70) -> 3 | AM70: =COUNTA(AA70:AJ70) -> 0 | BA70: =COUNTA(AO70:AX70) -> 0 | BO70: =COUNTA(BC70:BL70) -> 0
B71: 조현아 | C71: 여 | D71: =SUM(K71,Y71,AM71,BA71,BO71) -> 2 | K71: =COUNTA(G71:H71) -> 0 | S71: 10 | Y71: =COUNTA(M71:V71) -> 1 | AA71: 10 | AM71: =COUNTA(AA71:AJ71) -> 1 | BA71: =COUNTA(AO71:AX71) -> 0 | BO71: =COUNTA(BC71:BL71) -> 0
B72: 김희준 | C72: 남 | D72: =SUM(K72,Y72,AM72,BA72,BO72) -> 1 | K72: =COUNTA(G72:H72) -> 0 | M72: 21 | Y72: =COUNTA(M72:V72) -> 1 | AM72: =COUNTA(AA72:AJ72) -> 0 | BA72: =COUNTA(AO72:AX72) -> 0 | BO72: =COUNTA(BC72:BL72) -> 0
B73: 이윤하 | C73: 여 | D73: =SUM(K73,Y73,AM73,BA73,BO73) -> 0 | K73: =COUNTA(G73:H73) -> 0 | Y73: =COUNTA(M73:V73) -> 0 | AM73: =COUNTA(AA73:AJ73) -> 0 | BA73: =COUNTA(AO73:AX73) -> 0 | BO73: =COUNTA(BC73:BL73) -> 0
B74: 김도연 | C74: 여 | D74: =SUM(K74,Y74,AM74,BA74,BO74) -> 2 | K74: =COUNTA(G74:H74) -> 0 | Q74: 19 | S74: 20 | Y74: =COUNTA(M74:V74) -> 2 | AM74: =COUNTA(AA74:AJ74) -> 0 | BA74: =COUNTA(AO74:AX74) -> 0 | BO74: =COUNTA(BC74:BL74) -> 0
B75: 이선화 | C75: 여 | D75: =SUM(K75,Y75,AM75,BA75,BO75) -> 3 | K75: =COUNTA(G75:H75) -> 0 | M75: 12 | Q75: 12 | Y75: =COUNTA(M75:V75) -> 2 | AA75: 11 | AM75: =COUNTA(AA75:AJ75) -> 1 | BA75: =COUNTA(AO75:AX75) -> 0 | BO75: =COUNTA(BC75:BL75) -> 0
B76: 이지영 | C76: 여 | D76: =SUM(K76,Y76,AM76,BA76,BO76) -> 5 | K76: =COUNTA(G76:H76) -> 0 | M76: 17 | O76: 21 | S76: 21 | U76: 18 | Y76: =COUNTA(M76:V76) -> 4 | AA76: 21 | AM76: =COUNTA(AA76:AJ76) -> 1 | BA76: =COUNTA(AO76:AX76) -> 0 | BO76: =COUNTA(BC76:BL76) -> 0
B77: 조순녕 | C77: 남 | D77: =SUM(K77,Y77,AM77,BA77,BO77) -> 6 | G77: 17 | I77: 13 | K77: =COUNTA(G77:H77) -> 1 | M77: 17 | O77: 17 | Q77: 17 | S77: 17 | U77: 17 | W77: 13 | Y77: =COUNTA(M77:V77) -> 5 | AM77: =COUNTA(AA77:AJ77) -> 0 | BA77: =COUNTA(AO77:AX77) -> 0 | BO77: =COUNTA(BC77:BL77) -> 0
B78: 이우재 | C78: 남 | D78: =SUM(K78,Y78,AM78,BA78,BO78) -> 4 | K78: =COUNTA(G78:H78) -> 0 | M78: 17 | O78: 17 | S78: 18 | U78: 18 | Y78: =COUNTA(M78:V78) -> 4 | AM78: =COUNTA(AA78:AJ78) -> 0 | BA78: =COUNTA(AO78:AX78) -> 0 | BO78: =COUNTA(BC78:BL78) -> 0
B79: 김미숙 | C79: 여 | D79: =SUM(K79,Y79,AM79,BA79,BO79) -> 4 | K79: =COUNTA(G79:H79) -> 0 | M79: 19 | O79: 19 | Q79: 19 | S79: 20 | Y79: =COUNTA(M79:V79) -> 4 | AM79: =COUNTA(AA79:AJ79) -> 0 | BA79: =COUNTA(AO79:AX79) -> 0 | BO79: =COUNTA(BC79:BL79) -> 0
B80: 이원섭 | C80: 남 | D80: =SUM(K80,Y80,AM80,BA80,BO80) -> 0 | K80: =COUNTA(G80:H80) -> 0 | Y80: =COUNTA(M80:V80) -> 0 | AM80: =COUNTA(AA80:AJ80) -> 0 | BA80: =COUNTA(AO80:AX80) -> 0 | BO80: =COUNTA(BC80:BL80) -> 0
B81: 이상희 | C81: 여 | D81: =SUM(K81,Y81,AM81,BA81,BO81) -> 0 | K81: =COUNTA(G81:H81) -> 0 | Y81: =COUNTA(M81:V81) -> 0 | AM81: =COUNTA(AA81:AJ81) -> 0 | BA81: =COUNTA(AO81:AX81) -> 0 | BO81: =COUNTA(BC81:BL81) -> 0
B82: 조귀윤 | C82: 여 | D82: =SUM(K82,Y82,AM82,BA82,BO82) -> 2 | K82: =COUNTA(G82:H82) -> 0 | O82: 8 | S82: 10 | Y82: =COUNTA(M82:V82) -> 2 | AM82: =COUNTA(AA82:AJ82) -> 0 | BA82: =COUNTA(AO82:AX82) -> 0 | BO82: =COUNTA(BC82:BL82) -> 0
B83: 최라인 | C83: 여 | D83: =SUM(K83,Y83,AM83,BA83,BO83) -> 3 | I83: 11 | K83: =COUNTA(G83:H83) -> 0 | M83: 21 | O83: 21 | S83: 21 | Y83: =COUNTA(M83:V83) -> 3 | AM83: =COUNTA(AA83:AJ83) -> 0 | BA83: =COUNTA(AO83:AX83) -> 0 | BO83: =COUNTA(BC83:BL83) -> 0
B84: 박지은 | C84: 여 | D84: =SUM(K84,Y84,AM84,BA84,BO84) -> 0 | K84: =COUNTA(G84:H84) -> 0 | Y84: =COUNTA(M84:V84) -> 0 | AM84: =COUNTA(AA84:AJ84) -> 0 | BA84: =COUNTA(AO84:AX84) -> 0 | BO84: =COUNTA(BC84:BL84) -> 0
B85: 진성훈,우정원 | C85: 남 | D85: =SUM(K85,Y85,AM85,BA85,BO85) -> 0 | K85: =COUNTA(G85:H85) -> 0 | Y85: =COUNTA(M85:V85) -> 0 | AM85: =COUNTA(AA85:AJ85) -> 0 | BA85: =COUNTA(AO85:AX85) -> 0 | BO85: =COUNTA(BC85:BL85) -> 0
B86: 김수진 | C86: 여 | D86: =SUM(K86,Y86,AM86,BA86,BO86) -> 2 | K86: =COUNTA(G86:H86) -> 0 | M86: 20 | Q86: 20 | Y86: =COUNTA(M86:V86) -> 2 | AM86: =COUNTA(AA86:AJ86) -> 0 | BA86: =COUNTA(AO86:AX86) -> 0 | BO86: =COUNTA(BC86:BL86) -> 0
B87: 장진영 | C87: 여 | D87: =SUM(K87,Y87,AM87,BA87,BO87) -> 0 | K87: =COUNTA(G87:H87) -> 0 | Y87: =COUNTA(M87:V87) -> 0 | AM87: =COUNTA(AA87:AJ87) -> 0 | BA87: =COUNTA(AO87:AX87) -> 0 | BO87: =COUNTA(BC87:BL87) -> 0
B88: 권은주 | C88: 여 | D88: =SUM(K88,Y88,AM88,BA88,BO88) -> 0 | K88: =COUNTA(G88:H88) -> 0 | Y88: =COUNTA(M88:V88) -> 0 | AM88: =COUNTA(AA88:AJ88) -> 0 | BA88: =COUNTA(AO88:AX88) -> 0 | BO88: =COUNTA(BC88:BL88) -> 0
B89: 이유빈 | C89: 여 | D89: =SUM(K89,Y89,AM89,BA89,BO89) -> 6 | E89: 13 | G89: 21 | K89: =COUNTA(G89:H89) -> 1 | M89: 21 | O89: 21 | Q89: 21 | S89: 21 | Y89: =COUNTA(M89:V89) -> 4 | AA89: 20 | AM89: =COUNTA(AA89:AJ89) -> 1 | BA89: =COUNTA(AO89:AX89) -> 0 | BO89: =COUNTA(BC89:BL89) -> 0
B90: 권기훈 | C90: 남 | D90: =SUM(K90,Y90,AM90,BA90,BO90) -> 0 | K90: =COUNTA(G90:H90) -> 0 | Y90: =COUNTA(M90:V90) -> 0 | AM90: =COUNTA(AA90:AJ90) -> 0 | BA90: =COUNTA(AO90:AX90) -> 0 | BO90: =COUNTA(BC90:BL90) -> 0
B91: 박혜진 | C91: 여 | D91: =SUM(K91,Y91,AM91,BA91,BO91) -> 0 | K91: =COUNTA(G91:H91) -> 0 | Y91: =COUNTA(M91:V91) -> 0 | AM91: =COUNTA(AA91:AJ91) -> 0 | BA91: =COUNTA(AO91:AX91) -> 0 | BO91: =COUNTA(BC91:BL91) -> 0
B92: 윤태종 | C92: 남 | D92: =SUM(K92,Y92,AM92,BA92,BO92) -> 0 | K92: =COUNTA(G92:H92) -> 0 | Y92: =COUNTA(M92:V92) -> 0 | AM92: =COUNTA(AA92:AJ92) -> 0 | BA92: =COUNTA(AO92:AX92) -> 0 | BO92: =COUNTA(BC92:BL92) -> 0
B93: 김설리 | C93: 여 | D93: =SUM(K93,Y93,AM93,BA93,BO93) -> 0 | K93: =COUNTA(G93:H93) -> 0 | Y93: =COUNTA(M93:V93) -> 0 | AM93: =COUNTA(AA93:AJ93) -> 0 | BA93: =COUNTA(AO93:AX93) -> 0 | BO93: =COUNTA(BC93:BL93) -> 0
B94: 윤예림 | C94: 여 | D94: =SUM(K94,Y94,AM94,BA94,BO94) -> 0 | K94: =COUNTA(G94:H94) -> 0 | Y94: =COUNTA(M94:V94) -> 0 | AM94: =COUNTA(AA94:AJ94) -> 0 | BA94: =COUNTA(AO94:AX94) -> 0 | BO94: =COUNTA(BC94:BL94) -> 0
B95: 이채연 | C95: 여 | D95: =SUM(K95,Y95,AM95,BA95,BO95) -> 3 | K95: =COUNTA(G95:H95) -> 0 | O95: 19 | S95: 19 | Y95: =COUNTA(M95:V95) -> 2 | AA95: 19 | AM95: =COUNTA(AA95:AJ95) -> 1 | BA95: =COUNTA(AO95:AX95) -> 0 | BO95: =COUNTA(BC95:BL95) -> 0
B96: 김서현 | C96: 여 | D96: =SUM(K96,Y96,AM96,BA96,BO96) -> 5 | E96: 13 | G96: 19 | I96: 13 | K96: =COUNTA(G96:H96) -> 1 | M96: 19 | Q96: 20 | S96: 19 | U96: 20 | Y96: =COUNTA(M96:V96) -> 4 | AM96: =COUNTA(AA96:AJ96) -> 0 | BA96: =COUNTA(AO96:AX96) -> 0 | BO96: =COUNTA(BC96:BL96) -> 0
B97: 이지연 | C97: 여 | D97: =SUM(K97,Y97,AM97,BA97,BO97) -> 0 | K97: =COUNTA(G97:H97) -> 0 | Y97: =COUNTA(M97:V97) -> 0 | AM97: =COUNTA(AA97:AJ97) -> 0 | BA97: =COUNTA(AO97:AX97) -> 0 | BO97: =COUNTA(BC97:BL97) -> 0
B98: 김은혜 | C98: 여 | D98: =SUM(K98,Y98,AM98,BA98,BO98) -> 0 | E98: 11 | I98: 11 | K98: =COUNTA(G98:H98) -> 0 | Y98: =COUNTA(M98:V98) -> 0 | AM98: =COUNTA(AA98:AJ98) -> 0 | BA98: =COUNTA(AO98:AX98) -> 0 | BO98: =COUNTA(BC98:BL98) -> 0
B99: 최지영 | C99: 남 | D99: =SUM(K99,Y99,AM99,BA99,BO99) -> 2 | K99: =COUNTA(G99:H99) -> 0 | M99: 21 | Q99: 21 | Y99: =COUNTA(M99:V99) -> 2 | AM99: =COUNTA(AA99:AJ99) -> 0 | BA99: =COUNTA(AO99:AX99) -> 0 | BO99: =COUNTA(BC99:BL99) -> 0
B100: 신건향 | C100: 여 | D100: =SUM(K100,Y100,AM100,BA100,BO100) -> 0 | K100: =COUNTA(G100:H100) -> 0 | Y100: =COUNTA(M100:V100) -> 0 | AM100: =COUNTA(AA100:AJ100) -> 0 | BA100: =COUNTA(AO100:AX100) -> 0 | BO100: =COUNTA(BC100:BL100) -> 0
...

Sheet 25년 12월 유효회원
B2: 12월 | C2: 유효회원 | D2: 남 | E2: 여 | F2: 만료회원 | G2: 남 | H2: 여
C3: =COUNTIF($K:$K,"유효") -> 151 | D3: =COUNTIFS($K:$K,"유효",$C:$C,"남") -> 33 | E3: =COUNTIFS($K:$K,"유효",$C:$C,"여") -> 118 | F3: =COUNTIF($L:$L,"만료") -> 6 | G3: =COUNTIFS($L:$L,"만료",$C:$C,"남") -> 0 | H3: =COUNTIFS($L:$L,"만료",$C:$C,"여") -> 6
K4: 45992 | L4: 46022
B5: 이름 | C5: 성별 | D5: 전화번호 | E5: 등록 개월 | F5: 접수일 | G5: 시작일 | H5: 종료일 | I5: 출석수 | J5: 출석률 | K5: 유효회원 | L5: 만료회원 | M5: 배정선생님 | N5: 회원관리 | O5: 피트릭스 | P5: 인바디 | Q5: 1주차 | S5: 2주차 | U5: 3주차 | W5: 4주차 | Y5: 5주차
B6: 신하영 | C6: 여 | D6: 010-7406-1778 | E6: 6개월 | F6: 45834 | G6: 45951 | H6: 46162 | I6: =VLOOKUP(B6,'25년 12월 출석표'!$B$7:$D$509,3,0) -> 4 | J6: =ifna(I6/20,0) -> #NAME? | K6: =IF(AND(G6<=$L$4,H6>=$K$4),"유효","") -> 유효 | L6: =IF(AND(H6>=$K$4,H6<=$L$4),"만료","") | M6: 김효빈 | N6: FALSE | O6: FALSE | P6: FALSE | Q6: =VLOOKUP($B6,'25년 12월 출석표'!$B$2:$BQ$497,16,0)/5 -> 0.6 | S6: =VLOOKUP($B6,'25년 12월 출석표'!$B$2:$BQ$497,30,0)/5 -> 0.2 | U6: =VLOOKUP($B6,'25년 12월 출석표'!$B$2:$BQ$497,44,0)/5 -> 0 | W6: =VLOOKUP($B6,'25년 12월 출석표'!$B$2:$BQ$497,58,0)/5 -> 0 | Y6: =VLOOKUP($B6,'25년 12월 출석표'!$B$2:$BQ$503,66,0)/5 -> 0
B7: 김정숙 | C7: 여 | D7: 010-7197-6510 | E7: 6개월 | F7: 45834 | G7: 45859 | H7: 46112 | I7: =VLOOKUP(B7,'25년 12월 출석표'!$B$7:$D$509,3,0) -> 10 | J7: =ifna(I7/20,0) -> #NAME? | K7: =IF(AND(G7<=$L$4,H7>=$K$4),"유효","") -> 유효 | L7: =IF(AND(H7>=$K$4,H7<=$L$4),"만료","") | M7: 서준석 | N7: TRUE | O7: FALSE | P7: FALSE | Q7: =VLOOKUP($B7,'25년 12월 출석표'!$B$2:$BQ$497,16,0)/5 -> 0.2 | S7: =VLOOKUP($B7,'25년 12월 출석표'!$B$2:$BQ$497,30,0)/5 -> 0.4 | U7: =VLOOKUP($B7,'25년 12월 출석표'!$B$2:$BQ$497,44,0)/5 -> 0.8 | W7: =VLOOKUP($B7,'25년 12월 출석표'!$B$2:$BQ$497,58,0)/5 -> 0.2 | Y7: =VLOOKUP($B7,'25년 12월 출석표'!$B$2:$BQ$503,66,0)/5 -> 0.4
B8: 정지우 | C8: 여 | D8: 010-4703-7598 | E8: 9개월 | F8: 45834 | G8: 45962 | H8: 46249 | I8: =VLOOKUP(B8,'25년 12월 출석표'!$B$7:$D$509,3,0) -> 14 | J8: =ifna(I8/20,0) -> #NAME? | K8: =IF(AND(G8<=$L$4,H8>=$K$4),"유효","") -> 유효 | L8: =IF(AND(H8>=$K$4,H8<=$L$4),"만료","") | M8: 김효빈 | N8: FALSE | O8: FALSE | P8: FALSE | Q8: =VLOOKUP($B8,'25년 12월 출석표'!$B$2:$BQ$497,16,0)/5 -> 0.6 | S8: =VLOOKUP($B8,'25년 12월 출석표'!$B$2:$BQ$497,30,0)/5 -> 0.6 | U8: =VLOOKUP($B8,'25년 12월 출석표'!$B$2:$BQ$497,44,0)/5 -> 0.6 | W8: =VLOOKUP($B8,'25년 12월 출석표'!$B$2:$BQ$497,58,0)/5 -> 0.6 | Y8: =VLOOKUP($B8,'25년 12월 출석표'!$B$2:$BQ$503,66,0)/5 -> 0.4
B9: 임성빈 | C9: 남 | D9: 010-5238-4621 | E9: 12개월 | F9: 45835 | G9: 45859 | H9: 46223 | I9: =VLOOKUP(B9,'25년 12월 출석표'!$B$7:$D$509,3,0) -> 1 | J9: =ifna(I9/20,0) -> #NAME? | K9: =IF(AND(G9<=$L$4,H9>=$K$4),"유효","") -> 유효 | L9: =IF(AND(H9>=$K$4,H9<=$L$4),"만료","") | M9: 김효빈 | N9: FALSE | O9: FALSE | P9: FALSE | Q9: =VLOOKUP($B9,'25년 12월 출석표'!$B$2:$BQ$497,16,0)/5 -> 0 | S9: =VLOOKUP($B9,'25년 12월 출석표'!$B$2:$BQ$497,30,0)/5 -> 0 | U9: =VLOOKUP($B9,'25년 12월 출석표'!$B$2:$BQ$497,44,0)/5 -> 0 | W9: =VLOOKUP($B9,'25년 12월 출석표'!$B$2:$BQ$497,58,0)/5 -> 0.2 | Y9: =VLOOKUP($B9,'25년 12월 출석표'!$B$2:$BQ$503,66,0)/5 -> 0
B10: 곽상희 | C10: 여 | D10: 010-8751-6220 | E10: 12개월 | F10: 45835 | G10: 45946 | H10: 46223 | I10: =VLOOKUP(B10,'25년 12월 출석표'!$B$7:$D$509,3,0) -> 1 | J10: =ifna(I10/20,0) -> #NAME? | K10: =IF(AND(G10<=$L$4,H10>=$K$4),"유효","") -> 유효 | L10: =IF(AND(H10>=$K$4,H10<=$L$4),"만료","") | M10: 김효빈 | N10: FALSE | O10: FALSE | P10: FALSE | Q10: =VLOOKUP($B10,'25년 12월 출석표'!$B$2:$BQ$497,16,0)/5 -> 0 | S10: =VLOOKUP($B10,'25년 12월 출석표'!$B$2:$BQ$497,30,0)/5 -> 0 | U10: =VLOOKUP($B10,'25년 12월 출석표'!$B$2:$BQ$497,44,0)/5 -> 0 | W10: =VLOOKUP($B10,'25년 12월 출석표'!$B$2:$BQ$497,58,0)/5 -> 0.2 | Y10: =VLOOKUP($B10,'25년 12월 출석표'!$B$2:$BQ$503,66,0)/5 -> 0
B11: 이난영 | C11: 여 | D11: 010-5673-8991 | E11: 6개월 | F11: 45838 | G11: 45859 | H11: 46132 | I11: =VLOOKUP(B11,'25년 12월 출석표'!$B$7:$D$509,3,0) -> 0 | J11: =ifna(I11/20,0) -> #NAME? | K11: =IF(AND(G11<=$L$4,H11>=$K$4),"유효","") -> 유효 | L11: =IF(AND(H11>=$K$4,H11<=$L$4),"만료","") | M11: 김건 | N11: TRUE | O11: FALSE | P11: FALSE | Q11: =VLOOKUP($B11,'25년 12월 출석표'!$B$2:$BQ$497,16,0)/5 -> 0 | S11: =VLOOKUP($B11,'25년 12월 출석표'!$B$2:$BQ$497,30,0)/5 -> 0 | U11: =VLOOKUP($B11,'25년 12월 출석표'!$B$2:$BQ$497,44,0)/5 -> 0 | W11: =VLOOKUP($B11,'25년 12월 출석표'!$B$2:$BQ$497,58,0)/5 -> 0 | Y11: =VLOOKUP($B11,'25년 12월 출석표'!$B$2:$BQ$503,66,0)/5 -> 0
B12: 이지현 | C12: 여 | D12: 010-9077-6644 | E12: 12개월 | F12: 45838 | G12: 45859 | H12: 46268 | I12: =VLOOKUP(B12,'25년 12월 출석표'!$B$7:$D$509,3,0) -> 11 | J12: =ifna(I12/20,0) -> #NAME? | K12: =IF(AND(G12<=$L$4,H12>=$K$4),"유효","") -> 유효 | L12: =IF(AND(H12>=$K$4,H12<=$L$4),"만료","") | M12: 김건 | N12: TRUE | O12: FALSE | P12: FALSE | Q12: =VLOOKUP($B12,'25년 12월 출석표'!$B$2:$BQ$497,16,0)/5 -> 0.6 | S12: =VLOOKUP($B12,'25년 12월 출석표'!$B$2:$BQ$497,30,0)/5 -> 0.6 | U12: =VLOOKUP($B12,'25년 12월 출석표'!$B$2:$BQ$497,44,0)/5 -> 0.4 | W12: =VLOOKUP($B12,'25년 12월 출석표'!$B$2:$BQ$497,58,0)/5 -> 0.6 | Y12: =VLOOKUP($B12,'25년 12월 출석표'!$B$2:$BQ$503,66,0)/5 -> 0
B13: 김용희 | C13: 남 | D13: 010-2950-3381 | E13: 12개월 | F13: 45839 | G13: 45875 | H13: 46239 | I13: =VLOOKUP(B13,'25년 12월 출석표'!$B$7:$D$509,3,0) -> 0 | J13: =ifna(I13/20,0) -> #NAME? | K13: =IF(AND(G13<=$L$4,H13>=$K$4),"유효","") -> 유효 | L13: =IF(AND(H13>=$K$4,H13<=$L$4),"만료","") | M13: 김건 | N13: TRUE | O13: FALSE | P13: FALSE | Q13: =VLOOKUP($B13,'25년 12월 출석표'!$B$2:$BQ$497,16,0)/5 -> 0 | S13: =VLOOKUP($B13,'25년 12월 출석표'!$B$2:$BQ$497,30,0)/5 -> 0 | U13: =VLOOKUP($B13,'25년 12월 출석표'!$B$2:$BQ$497,44,0)/5 -> 0 | W13: =VLOOKUP($B13,'25년 12월 출석표'!$B$2:$BQ$497,58,0)/5 -> 0 | Y13: =VLOOKUP($B13,'25년 12월 출석표'!$B$2:$BQ$503,66,0)/5 -> 0
B14: 정유찬 | C14: 남 | D14: 010-5923-3791 | E14: 6개월 | F14: 45839 | G14: 45859 | H14: 46057 | I14: =VLOOKUP(B14,'25년 12월 출석표'!$B$7:$D$509,3,0) -> 3 | J14: =ifna(I14/20,0) -> #NAME? | K14: =IF(AND(G14<=$L$4,H14>=$K$4),"유효","") -> 유효 | L14: =IF(AND(H14>=$K$4,H14<=$L$4),"만료","") | M14: 김효빈 | N14: FALSE | O14: FALSE | P14: FALSE | Q14: =VLOOKUP($B14,'25년 12월 출석표'!$B$2:$BQ$497,16,0)/5 -> 0 | S14: =VLOOKUP($B14,'25년 12월 출석표'!$B$2:$BQ$497,30,0)/5 -> 0 | U14: =VLOOKUP($B14,'25년 12월 출석표'!$B$2:$BQ$497,44,0)/5 -> 0 | W14: =VLOOKUP($B14,'25년 12월 출석표'!$B$2:$BQ$497,58,0)/5 -> 0.2 | Y14: =VLOOKUP($B14,'25년 12월 출석표'!$B$2:$BQ$503,66,0)/5 -> 0.4
B15: 박유나 | C15: 여 | D15: 010-2949-9347 | E15: 12개월 | F15: 45839 | G15: 45859 | H15: 46300 | I15: =VLOOKUP(B15,'25년 12월 출석표'!$B$7:$D$509,3,0) -> 3 | J15: =ifna(I15/20,0) -> #NAME? | K15: =IF(AND(G15<=$L$4,H15>=$K$4),"유효","") -> 유효 | L15: =IF(AND(H15>=$K$4,H15<=$L$4),"만료","") | M15: 김건 | N15: TRUE | O15: FALSE | P15: FALSE | Q15: =VLOOKUP($B15,'25년 12월 출석표'!$B$2:$BQ$497,16,0)/5 -> 0 | S15: =VLOOKUP($B15,'25년 12월 출석표'!$B$2:$BQ$497,30,0)/5 -> 0.2 | U15: =VLOOKUP($B15,'25년 12월 출석표'!$B$2:$BQ$497,44,0)/5 -> 0.2 | W15: =VLOOKUP($B15,'25년 12월 출석표'!$B$2:$BQ$497,58,0)/5 -> 0.2 | Y15: =VLOOKUP($B15,'25년 12월 출석표'!$B$2:$BQ$503,66,0)/5 -> 0
B16: 황서영 | C16: 여 | D16: 010-5457-5827 | E16: 12개월 | F16: 45839 | G16: 45859 | H16: 46240 | I16: =VLOOKUP(B16,'25년 12월 출석표'!$B$7:$D$509,3,0) -> 8 | J16: =ifna(I16/20,0) -> #NAME? | K16: =IF(AND(G16<=$L$4,H16>=$K$4),"유효","") -> 유효 | L16: =IF(AND(H16>=$K$4,H16<=$L$4),"만료","") | M16: 김건 | N16: TRUE | O16: FALSE | P16: FALSE | Q16: =VLOOKUP($B16,'25년 12월 출석표'!$B$2:$BQ$497,16,0)/5 -> 0.6 | S16: =VLOOKUP($B16,'25년 12월 출석표'!$B$2:$BQ$497,30,0)/5 -> 0.6 | U16: =VLOOKUP($B16,'25년 12월 출석표'!$B$2:$BQ$497,44,0)/5 -> 0.2 | W16: =VLOOKUP($B16,'25년 12월 출석표'!$B$2:$BQ$497,58,0)/5 -> 0.2 | Y16: =VLOOKUP($B16,'25년 12월 출석표'!$B$2:$BQ$503,66,0)/5 -> 0
B17: 김지윤 | C17: 여 | D17: 010-4032-8075 | E17: 12개월 | F17: 45839 | G17: 45859 | H17: 46325 | I17: =VLOOKUP(B17,'25년 12월 출석표'!$B$7:$D$509,3,0) -> 8 | J17: =ifna(I17/20,0) -> #NAME? | K17: =IF(AND(G17<=$L$4,H17>=$K$4),"유효","") -> 유효 | L17: =IF(AND(H17>=$K$4,H17<=$L$4),"만료","") | M17: 김효빈 | N17: FALSE | O17: FALSE | P17: FALSE | Q17: =VLOOKUP($B17,'25년 12월 출석표'!$B$2:$BQ$497,16,0)/5 -> 0.4 | S17: =VLOOKUP($B17,'25년 12월 출석표'!$B$2:$BQ$497,30,0)/5 -> 0.2 | U17: =VLOOKUP($B17,'25년 12월 출석표'!$B$2:$BQ$497,44,0)/5 -> 0.4 | W17: =VLOOKUP($B17,'25년 12월 출석표'!$B$2:$BQ$497,58,0)/5 -> 0.4 | Y17: =VLOOKUP($B17,'25년 12월 출석표'!$B$2:$BQ$503,66,0)/5 -> 0.2
... B83: 최라인 | C83: 여 | D83: 010-5104-7266 | E83: 12개월 | F83: 45915 | G83: 45917 | H83: 46304 | I83: =VLOOKUP(B83,'25년 12월 출석표'!$B$7:$D$509,3,0) -> 6 | J83: =ifna(I83/20,0) -> #NAME? | K83: =IF(AND(G83<=$L$4,H83>=$K$4),"유효","") -> 유효 | L83: =IF(AND(H83>=$K$4,H83<=$L$4),"만료","") | M83: 김건 | N83: TRUE | O83: FALSE | P83: FALSE | Q83: =VLOOKUP($B83,'25년 12월 출석표'!$B$2:$BQ$497,16,0)/5 -> 0 | S83: =VLOOKUP($B83,'25년 12월 출석표'!$B$2:$BQ$497,30,0)/5 -> 0.6 | U83: =VLOOKUP($B83,'25년 12월 출석표'!$B$2:$BQ$497,44,0)/5 -> 0.4 | W83: =VLOOKUP($B83,'25년 12월 출석표'!$B$2:$BQ$497,58,0)/5 -> 0.2 | Y83: =VLOOKUP($B83,'25년 12월 출석표'!$B$2:$BQ$503,66,0)/5 -> 0
B84: 진성훈 | C84: 남 | D84: 010-5092-5399 | E84: 7개월 | F84: 45917 | G84: 45943 | H84: 46154 | I84: =VLOOKUP(B84,'25년 12월 출석표'!$B$7:$D$509,3,0) -> 6 | J84: =ifna(I84/20,0) -> #NAME? | K84: =IF(AND(G84<=$L$4,H84>=$K$4),"유효","") -> 유효 | L84: =IF(AND(H84>=$K$4,H84<=$L$4),"만료","") | N84: FALSE | O84: FALSE | P84: FALSE | Q84: =VLOOKUP($B84,'25년 12월 출석표'!$B$2:$BQ$497,16,0)/5 -> 0.2 | S84: =VLOOKUP($B84,'25년 12월 출석표'!$B$2:$BQ$497,30,0)/5 -> 0.6 | U84: =VLOOKUP($B84,'25년 12월 출석표'!$B$2:$BQ$497,44,0)/5 -> 0.2 | W84: =VLOOKUP($B84,'25년 12월 출석표'!$B$2:$BQ$497,58,0)/5 -> 0.2 | Y84: =VLOOKUP($B84,'25년 12월 출석표'!$B$2:$BQ$503,66,0)/5 -> 0
B85: 우정원 | C85: 여 | D85: 010-0000-0000 | E85: 7개월 | F85: 45917 | G85: 45943 | H85: 46154 | I85: =VLOOKUP(B85,'25년 12월 출석표'!$B$7:$D$509,3,0) -> 8 | J85: =ifna(I85/20,0) -> #NAME? | K85: =IF(AND(G85<=$L$4,H85>=$K$4),"유효","") -> 유효 | L85: =IF(AND(H85>=$K$4,H85<=$L$4),"만료","") | M85: 김건 | N85: TRUE | O85: FALSE | P85: FALSE | Q85: =VLOOKUP($B85,'25년 12월 출석표'!$B$2:$BQ$497,16,0)/5 -> 0.4 | S85: =VLOOKUP($B85,'25년 12월 출석표'!$B$2:$BQ$497,30,0)/5 -> 0.6 | U85: =VLOOKUP($B85,'25년 12월 출석표'!$B$2:$BQ$497,44,0)/5 -> 0.4 | W85: =VLOOKUP($B85,'25년 12월 출석표'!$B$2:$BQ$497,58,0)/5 -> 0.2 | Y85: =VLOOKUP($B85,'25년 12월 출석표'!$B$2:$BQ$503,66,0)/5 -> 0
B86: 장진영 | C86: 여 | D86: 010-8930-7966 | E86: 9개월 | F86: 45918 | G86: 45919 | H86: 46191 | I86: =VLOOKUP(B86,'25년 12월 출석표'!$B$7:$D$509,3,0) -> 0 | J86: =ifna(I86/20,0) -> #NAME? | K86: =IF(AND(G86<=$L$4,H86>=$K$4),"유효","") -> 유효 | L86: =IF(AND(H86>=$K$4,H86<=$L$4),"만료","") | M86: 김효빈 | N86: FALSE | O86: FALSE | P86: FALSE | Q86: =VLOOKUP($B86,'25년 12월 출석표'!$B$2:$BQ$497,16,0)/5 -> 0 | S86: =VLOOKUP($B86,'25년 12월 출석표'!$B$2:$BQ$497,30,0)/5 -> 0 | U86: =VLOOKUP($B86,'25년 12월 출석표'!$B$2:$BQ$497,44,0)/5 -> 0 | W86: =VLOOKUP($B86,'25년 12월 출석표'!$B$2:$BQ$497,58,0)/5 -> 0 | Y86: =VLOOKUP($B86,'25년 12월 출석표'!$B$2:$BQ$503,66,0)/5 -> 0
B87: 김수진 | C87: 여 | D87: 010-2563-1076 | E87: 9개월 | F87: 45918 | G87: 45919 | H87: 46042 | I87: =VLOOKUP(B87,'25년 12월 출석표'!$B$7:$D$509,3,0) -> 7 | J87: =ifna(I87/20,0) -> #NAME? | K87: =IF(AND(G87<=$L$4,H87>=$K$4),"유효","") -> 유효 | L87: =IF(AND(H87>=$K$4,H87<=$L$4),"만료","") | M87: 김건 | N87: TRUE | O87: FALSE | P87: FALSE | Q87: =VLOOKUP($B87,'25년 12월 출석표'!$B$2:$BQ$497,16,0)/5 -> 0.6 | S87: =VLOOKUP($B87,'25년 12월 출석표'!$B$2:$BQ$497,30,0)/5 -> 0.4 | U87: =VLOOKUP($B87,'25년 12월 출석표'!$B$2:$BQ$497,44,0)/5 -> 0 | W87: =VLOOKUP($B87,'25년 12월 출석표'!$B$2:$BQ$497,58,0)/5 -> 0.2 | Y87: =VLOOKUP($B87,'25년 12월 출석표'!$B$2:$BQ$503,66,0)/5 -> 0.2
B88: 권은주 | C88: 여 | D88: 010-5226-3575 | E88: 12개월 | F88: 45920 | G88: 45922 | H88: 46286 | I88: =VLOOKUP(B88,'25년 12월 출석표'!$B$7:$D$509,3,0) -> 4 | J88: =ifna(I88/20,0) -> #NAME? | K88: =IF(AND(G88<=$L$4,H88>=$K$4),"유효","") -> 유효 | L88: =IF(AND(H88>=$K$4,H88<=$L$4),"만료","") | M88: 김효빈 | N88: FALSE | O88: FALSE | P88: FALSE | Q88: =VLOOKUP($B88,'25년 12월 출석표'!$B$2:$BQ$497,16,0)/5 -> 0 | S88: =VLOOKUP($B88,'25년 12월 출석표'!$B$2:$BQ$497,30,0)/5 -> 0.4 | U88: =VLOOKUP($B88,'25년 12월 출석표'!$B$2:$BQ$497,44,0)/5 -> 0.2 | W88: =VLOOKUP($B88,'25년 12월 출석표'!$B$2:$BQ$497,58,0)/5 -> 0.2 | Y88: =VLOOKUP($B88,'25년 12월 출석표'!$B$2:$BQ$503,66,0)/5 -> 0
B89: 권기훈 | C89: 남 | D89: 010-2112-5879 | E89: 8개월 | F89: 45924 | G89: 45950 | H89: 46241 | I89: =VLOOKUP(B89,'25년 12월 출석표'!$B$7:$D$509,3,0) -> 0 | J89: =ifna(I89/20,0) -> #NAME? | K89: =IF(AND(G89<=$L$4,H89>=$K$4),"유효","") -> 유효 | L89: =IF(AND(H89>=$K$4,H89<=$L$4),"만료","") | M89: 김효빈 | N89: FALSE | O89: FALSE | P89: FALSE | Q89: =VLOOKUP($B89,'25년 12월 출석표'!$B$2:$BQ$497,16,0)/5 -> 0 | S89: =VLOOKUP($B89,'25년 12월 출석표'!$B$2:$BQ$497,30,0)/5 -> 0 | U89: =VLOOKUP($B89,'25년 12월 출석표'!$B$2:$BQ$497,44,0)/5 -> 0 | W89: =VLOOKUP($B89,'25년 12월 출석표'!$B$2:$BQ$497,58,0)/5 -> 0 | Y89: =VLOOKUP($B89,'25년 12월 출석표'!$B$2:$BQ$503,66,0)/5 -> 0
B90: 이유빈 | C90: 여 | D90: 010-2706-3001 | E90: 6개월 | F90: 45924 | G90: 45974 | H90: 46154 | I90: =VLOOKUP(B90,'25년 12월 출석표'!$B$7:$D$509,3,0) -> 2 | J90: =ifna(I90/20,0) -> #NAME? | K90: =IF(AND(G90<=$L$4,H90>=$K$4),"유효","") -> 유효 | L90: =IF(AND(H90>=$K$4,H90<=$L$4),"만료","") | M90: 김효빈 | N90: FALSE | O90: FALSE | P90: FALSE | Q90: =VLOOKUP($B90,'25년 12월 출석표'!$B$2:$BQ$497,16,0)/5 -> 0.2 | S90: =VLOOKUP($B90,'25년 12월 출석표'!$B$2:$BQ$497,30,0)/5 -> 0.2 | U90: =VLOOKUP($B90,'25년 12월 출석표'!$B$2:$BQ$497,44,0)/5 -> 0 | W90: =VLOOKUP($B90,'25년 12월 출석표'!$B$2:$BQ$497,58,0)/5 -> 0 | Y90: =VLOOKUP($B90,'25년 12월 출석표'!$B$2:$BQ$503,66,0)/5 -> 0
B91: 윤태종 | C91: 남 | D91: 010-2542-9131 | E91: 3개월 | F91: 45925 | G91: 45940 | H91: 46093 | I91: =VLOOKUP(B91,'25년 12월 출석표'!$B$7:$D$509,3,0) -> 0 | J91: =ifna(I91/20,0) -> #NAME? | K91: =IF(AND(G91<=$L$4,H91>=$K$4),"유효","") -> 유효 | L91: =IF(AND(H91>=$K$4,H91<=$L$4),"만료","") | M91: 김효빈 | N91: FALSE | O91: FALSE | P91: FALSE | Q91: =VLOOKUP($B91,'25년 12월 출석표'!$B$2:$BQ$497,16,0)/5 -> 0 | S91: =VLOOKUP($B91,'25년 12월 출석표'!$B$2:$BQ$497,30,0)/5 -> 0 | U91: =VLOOKUP($B91,'25년 12월 출석표'!$B$2:$BQ$497,44,0)/5 -> 0 | W91: =VLOOKUP($B91,'25년 12월 출석표'!$B$2:$BQ$497,58,0)/5 -> 0 | Y91: =VLOOKUP($B91,'25년 12월 출석표'!$B$2:$BQ$503,66,0)/5 -> 0
B92: 박혜진 | C92: 여 | D92: 010-3342-9343 | E92: 3개월 | F92: 45925 | G92: 45945 | H92: 46067 | I92: =VLOOKUP(B92,'25년 12월 출석표'!$B$7:$D$509,3,0) -> 4 | J92: =ifna(I92/20,0) -> #NAME? | K92: =IF(AND(G92<=$L$4,H92>=$K$4),"유효","") -> 유효 | L92: =IF(AND(H92>=$K$4,H92<=$L$4),"만료","") | M92: 김효빈 | N92: FALSE | O92: FALSE | P92: FALSE | Q92: =VLOOKUP($B92,'25년 12월 출석표'!$B$2:$BQ$497,16,0)/5 -> 0.4 | S92: =VLOOKUP($B92,'25년 12월 출석표'!$B$2:$BQ$497,30,0)/5 -> 0.2 | U92: =VLOOKUP($B92,'25년 12월 출석표'!$B$2:$BQ$497,44,0)/5 -> 0 | W92: =VLOOKUP($B92,'25년 12월 출석표'!$B$2:$BQ$497,58,0)/5 -> 0 | Y92: =VLOOKUP($B92,'25년 12월 출석표'!$B$2:$BQ$503,66,0)/5 -> 0.2
B93: 김설리 | C93: 여 | D93: 010-2498-9516 | E93: 6개월 | F93: 45927 | G93: 45940 | H93: 46274 | I93: =VLOOKUP(B93,'25년 12월 출석표'!$B$7:$D$509,3,0) -> 0 | J93: =ifna(I93/20,0) -> #NAME? | K93: =IF(AND(G93<=$L$4,H93>=$K$4),"유효","") -> 유효 | L93: =IF(AND(H93>=$K$4,H93<=$L$4),"만료","") | M93: 김건 | N93: TRUE | O93: TRUE | P93: FALSE | Q93: =VLOOKUP($B93,'25년 12월 출석표'!$B$2:$BQ$497,16,0)/5 -> 0 | S93: =VLOOKUP($B93,'25년 12월 출석표'!$B$2:$BQ$497,30,0)/5 -> 0 | U93: =VLOOKUP($B93,'25년 12월 출석표'!$B$2:$BQ$497,44,0)/5 -> 0 | W93: =VLOOKUP($B93,'25년 12월 출석표'!$B$2:$BQ$497,58,0)/5 -> 0 | Y93: =VLOOKUP($B93,'25년 12월 출석표'!$B$2:$BQ$503,66,0)/5 -> 0
B94: 윤예림 | C94: 여 | D94: 010-2008-5418 | E94: 6개월 | F94: 45929 | G94: 45932 | H94: 46143 | I94: =VLOOKUP(B94,'25년 12월 출석표'!$B$7:$D$509,3,0) -> 5 | J94: =ifna(I94/20,0) -> #NAME? | K94: =IF(AND(G94<=$L$4,H94>=$K$4),"유효","") -> 유효 | L94: =IF(AND(H94>=$K$4,H94<=$L$4),"만료","") | M94: 김효빈 | N94: FALSE | O94: FALSE | P94: FALSE | Q94: =VLOOKUP($B94,'25년 12월 출석표'!$B$2:$BQ$497,16,0)/5 -> 0.4 | S94: =VLOOKUP($B94,'25년 12월 출석표'!$B$2:$BQ$497,30,0)/5 -> 0.4 | U94: =VLOOKUP($B94,'25년 12월 출석표'!$B$2:$BQ$497,44,0)/5 -> 0.2 | W94: =VLOOKUP($B94,'25년 12월 출석표'!$B$2:$BQ$497,58,0)/5 -> 0 | Y94: =VLOOKUP($B94,'25년 12월 출석표'!$B$2:$BQ$503,66,0)/5 -> 0
B95: 박성국 | C95: 남 | D95: 010-9102-7607 | E95: 3개월 | F95: 45929 | G95: 45930 | I95: =VLOOKUP(B95,'25년 12월 출석표'!$B$7:$D$509,3,0) -> 12 | J95: =ifna(I95/20,0) -> #NAME? | K95: =IF(AND(G95<=$L$4,H99>=$K$4),"유효","") -> 유효 | L95: =IF(AND(H99>=$K$4,H99<=$L$4),"만료","") | M95: 김효빈 | N95: FALSE | O95: FALSE | P95: FALSE | Q95: =VLOOKUP($B95,'25년 12월 출석표'!$B$2:$BQ$497,16,0)/5 -> 0.8 | S95: =VLOOKUP($B95,'25년 12월 출석표'!$B$2:$BQ$497,30,0)/5 -> 0.6 | U95: =VLOOKUP($B95,'25년 12월 출석표'!$B$2:$BQ$497,44,0)/5 -> 0.6 | W95: =VLOOKUP($B95,'25년 12월 출석표'!$B$2:$BQ$497,58,0)/5 -> 0.4 | Y95: =VLOOKUP($B95,'25년 12월 출석표'!$B$2:$BQ$503,66,0)/5 -> 0
B96: 황희정 | C96: 여 | D96: 010-7296-9796 | E96: 1개월 | F96: 45930 | G96: 45992 | H96: 46022 | I96: =VLOOKUP(B96,'25년 12월 출석표'!$B$7:$D$509,3,0) -> 0 | J96: =ifna(I96/20,0) -> #NAME? | K96: =IF(AND(G96<=$L$4,H96>=$K$4),"유효","") -> 유효 | L96: =IF(AND(H96>=$K$4,H96<=$L$4),"만료","") -> 만료 | M96: 김효빈 | N96: FALSE | O96: FALSE | P96: FALSE | Q96: =VLOOKUP($B96,'25년 12월 출석표'!$B$2:$BQ$497,16,0)/5 -> 0 | S96: =VLOOKUP($B96,'25년 12월 출석표'!$B$2:$BQ$497,30,0)/5 -> 0 | U96: =VLOOKUP($B96,'25년 12월 출석표'!$B$2:$BQ$497,44,0)/5 -> 0 | W96: =VLOOKUP($B96,'25년 12월 출석표'!$B$2:$BQ$497,58,0)/5 -> 0 | Y96: =VLOOKUP($B96,'25년 12월 출석표'!$B$2:$BQ$503,66,0)/5 -> 0
B97: 이채연 | C97: 여 | D97: 010-8927-9104 | E97: 12개월 | F97: 45930 | G97: 45930 | H97: 46293 | I97: =VLOOKUP(B97,'25년 12월 출석표'!$B$7:$D$509,3,0) -> 9 | J97: =ifna(I97/20,0) -> #NAME? | K97: =IF(AND(G97<=$L$4,H97>=$K$4),"유효","") -> 유효 | L97: =IF(AND(H97>=$K$4,H97<=$L$4),"만료","") | M97: 김건 | N97: TRUE | O97: FALSE | P97: FALSE | Q97: =VLOOKUP($B97,'25년 12월 출석표'!$B$2:$BQ$497,16,0)/5 -> 0.6 | S97: =VLOOKUP($B97,'25년 12월 출석표'!$B$2:$BQ$497,30,0)/5 -> 0.8 | U97: =VLOOKUP($B97,'25년 12월 출석표'!$B$2:$BQ$497,44,0)/5 -> 0.4 | W97: =VLOOKUP($B97,'25년 12월 출석표'!$B$2:$BQ$497,58,0)/5 -> 0 | Y97: =VLOOKUP($B97,'25년 12월 출석표'!$B$2:$BQ$503,66,0)/5 -> 0
B98: 김서현 | C98: 여 | D98: 010-4803-1301 | E98: 6개월 | F98: 45934 | G98: 45940 | H98: 46121 | I98: =VLOOKUP(B98,'25년 12월 출석표'!$B$7:$D$509,3,0) -> 20 | J98: =ifna(I98/20,0) -> #NAME? | K98: =IF(AND(G98<=$L$4,H98>=$K$4),"유효","") -> 유효 | L98: =IF(AND(H98>=$K$4,H98<=$L$4),"만료","") | M98: 김건 | N98: TRUE | O98: FALSE | P98: FALSE | Q98: =VLOOKUP($B98,'25년 12월 출석표'!$B$2:$BQ$497,16,0)/5 -> 1 | S98: =VLOOKUP($B98,'25년 12월 출석표'!$B$2:$BQ$497,30,0)/5 -> 1 | U98: =VLOOKUP($B98,'25년 12월 출석표'!$B$2:$BQ$497,44,0)/5 -> 0.8 | W98: =VLOOKUP($B98,'25년 12월 출석표'!$B$2:$BQ$497,58,0)/5 -> 0.8 | Y98: =VLOOKUP($B98,'25년 12월 출석표'!$B$2:$BQ$503,66,0)/5 -> 0.4
B99: 이지연 | C99: 여 | D99: 010-9700-5719 | E99: 9개월 | F99: 45937 | G99: 45940 | H99: 46212 | I99: =VLOOKUP(B99,'25년 12월 출석표'!$B$7:$D$509,3,0) -> 2 | J99: =ifna(I99/20,0) -> #NAME? | K99: =IF(AND(G99<=$L$4,H99>=$K$4),"유효","") -> 유효 | L99: =IF(AND(H99>=$K$4,H99<=$L$4),"만료","") | M99: 김효빈 | N99: FALSE | O99: FALSE | P99: FALSE | Q99: =VLOOKUP($B99,'25년 12월 출석표'!$B$2:$BQ$497,16,0)/5 -> 0 | S99: =VLOOKUP($B99,'25년 12월 출석표'!$B$2:$BQ$497,30,0)/5 -> 0 | U99: =VLOOKUP($B99,'25년 12월 출석표'!$B$2:$BQ$497,44,0)/5 -> 0.2 | W99: =VLOOKUP($B99,'25년 12월 출석표'!$B$2:$BQ$497,58,0)/5 -> 0 | Y99: =VLOOKUP($B99,'25년 12월 출석표'!$B$2:$BQ$503,66,0)/5 -> 0.2
B100: 김은혜 | C100: 여 | D100: 010-3081-0985 | E100: 12개월 | F100: 45939 | G100: 45950 | H100: 46314 | I100: =VLOOKUP(B100,'25년 12월 출석표'!$B$7:$D$509,3,0) -> 4 | J100: =ifna(I100/20,0) -> #NAME? | K100: =IF(AND(G100<=$L$4,H100>=$K$4),"유효","") -> 유효 | L100: =IF(AND(H100>=$K$4,H100<=$L$4),"만료","") | M100: 김건 | N100: TRUE | O100: FALSE | P100: FALSE | Q100: =VLOOKUP($B100,'25년 12월 출석표'!$B$2:$BQ$497,16,0)/5 -> 0 | S100: =VLOOKUP($B100,'25년 12월 출석표'!$B$2:$BQ$497,30,0)/5 -> 0.6 | U100: =VLOOKUP($B100,'25년 12월 출석표'!$B$2:$BQ$497,44,0)/5 -> 0 | W100: =VLOOKUP($B100,'25년 12월 출석표'!$B$2:$BQ$497,58,0)/5 -> 0 | Y100: =VLOOKUP($B100,'25년 12월 출석표'!$B$2:$BQ$503,66,0)/5 -> 0.2
B101: 최지영 | C101: 남 | D101: 010-6216-9638 | E101: 12개월 | F101: 45941 | G101: 45943 | H101: 46338 | I101: =VLOOKUP(B101,'25년 12월 출석표'!$B$7:$D$509,3,0) -> 4 | J101: =ifna(I101/20,0) -> #NAME? | K101: =IF(AND(G101<=$L$4,H101>=$K$4),"유효","") -> 유효 | L101: =IF(AND(H101>=$K$4,H101<=$L$4),"만료","") | M101: 김효빈 | N101: FALSE | O101: FALSE | P101: FALSE | Q101: =VLOOKUP($B101,'25년 12월 출석표'!$B$2:$BQ$497,16,0)/5 -> 0.2 | S101: =VLOOKUP($B101,'25년 12월 출석표'!$B$2:$BQ$497,30,0)/5 -> 0.2 | U101: =VLOOKUP($B101,'25년 12월 출석표'!$B$2:$BQ$497,44,0)/5 -> 0.4 | W101: =VLOOKUP($B101,'25년 12월 출석표'!$B$2:$BQ$497,58,0)/5 -> 0 | Y101: =VLOOKUP($B101,'25년 12월 출석표'!$B$2:$BQ$503,66,0)/5 -> 0
B102: 신건향 | C102: 여 | D102: 010-2705-6660 | E102: 9개월 | F102: 45943 | G102: 45976 | H102: 46279 | I102: =VLOOKUP(B102,'25년 12월 출석표'!$B$7:$D$509,3,0) -> 0 | J102: =ifna(I102/20,0) -> #NAME? | K102: =IF(AND(G102<=$L$4,H102>=$K$4),"유효","") -> 유효 | L102: =IF(AND(H102>=$K$4,H102<=$L$4),"만료","") | M102: 김효빈 | N102: FALSE | O102: FALSE | P102: FALSE | Q102: =VLOOKUP($B102,'25년 12월 출석표'!$B$2:$BQ$497,16,0)/5 -> 0 | S102: =VLOOKUP($B102,'25년 12월 출석표'!$B$2:$BQ$497,30,0)/5 -> 0 | U102: =VLOOKUP($B102,'25년 12월 출석표'!$B$2:$BQ$497,44,0)/5 -> 0 | W102: =VLOOKUP($B102,'25년 12월 출석표'!$B$2:$BQ$497,58,0)/5 -> 0 | Y102: =VLOOKUP($B102,'25년 12월 출석표'!$B$2:$BQ$503,66,0)/5 -> 0
B103: 공유진 | C103: 여 | D103: 010-9941-1202 | E103: 12개월 | F103: 45943 | G103: 45952 | H103: 46383 | I103: =VLOOKUP(B103,'25년 12월 출석표'!$B$7:$D$509,3,0) -> 1 | J103: =ifna(I103/20,0) -> #NAME? | K103: =IF(AND(G103<=$L$4,H103>=$K$4),"유효","") -> 유효 | L103: =IF(AND(H103>=$K$4,H103<=$L$4),"만료","") | M103: 김건 | N103: TRUE | O103: FALSE | P103: FALSE | Q103: =VLOOKUP($B103,'25년 12월 출석표'!$B$2:$BQ$497,16,0)/5 -> 0 | S103: =VLOOKUP($B103,'25년 12월 출석표'!$B$2:$BQ$497,30,0)/5 -> 0.2 | U103: =VLOOKUP($B103,'25년 12월 출석표'!$B$2:$BQ$497,44,0)/5 -> 0 | W103: =VLOOKUP($B103,'25년 12월 출석표'!$B$2:$BQ$497,58,0)/5 -> 0 | Y103: =VLOOKUP($B103,'25년 12월 출석표'!$B$2:$BQ$503,66,0)/5 -> 0
B104: 구미현 | C104: 여 | D104: 010-2380-9638 | E104: 12개월 | F104: 45943 | G104: 45943 | H104: 46338 | I104: =VLOOKUP(B104,'25년 12월 출석표'!$B$7:$D$509,3,0) -> 2 | J104: =ifna(I104/20,0) -> #NAME? | K104: =IF(AND(G104<=$L$4,H104>=$K$4),"유효","") -> 유효 | L104: =IF(AND(H104>=$K$4,H104<=$L$4),"만료","") | M104: 김효빈 | N104: FALSE | O104: FALSE | P104: FALSE | Q104: =VLOOKUP($B104,'25년 12월 출석표'!$B$2:$BQ$497,16,0)/5 -> 0 | S104: =VLOOKUP($B104,'25년 12월 출석표'!$B$2:$BQ$497,30,0)/5 -> 0 | U104: =VLOOKUP($B104,'25년 12월 출석표'!$B$2:$BQ$497,44,0)/5 -> 0.4 | W104: =VLOOKUP($B104,'25년 12월 출석표'!$B$2:$BQ$497,58,0)/5 -> 0 | Y104: =VLOOKUP($B104,'25년 12월 출석표'!$B$2:$BQ$503,66,0)/5 -> 0
B105: 박선하 | C105: 여 | D105: 010-6473-9549 | E105: 6개월 | F105: 45944 | G105: 45944 | H105: 46125 | I105: =VLOOKUP(B105,'25년 12월 출석표'!$B$7:$D$509,3,0) -> 10 | J105: =ifna(I105/20,0) -> #NAME? | K105: =IF(AND(G105<=$L$4,H105>=$K$4),"유효","") -> 유효 | L105: =IF(AND(H105>=$K$4,H105<=$L$4),"만료","") | M105: 김효빈 | N105: FALSE | O105: FALSE | P105: FALSE | Q105: =VLOOKUP($B105,'25년 12월 출석표'!$B$2:$BQ$497,16,0)/5 -> 0.8 | S105: =VLOOKUP($B105,'25년 12월 출석표'!$B$2:$BQ$497,30,0)/5 -> 0.6 | U105: =VLOOKUP($B105,'25년 12월 출석표'!$B$2:$BQ$497,44,0)/5 -> 0.6 | W105: =VLOOKUP($B105,'25년 12월 출석표'!$B$2:$BQ$497,58,0)/5 -> 0 | Y105: =VLOOKUP($B105,'25년 12월 출석표'!$B$2:$BQ$503,66,0)/5 -> 0
B106: 구경향 | C106: 여 | D106: 010-2252-3336 | E106: 12개월 | F106: 45945 | G106: 45943 | H106: 46338 | I106: =VLOOKUP(B106,'25년 12월 출석표'!$B$7:$D$509,3,0) -> 6 | J106: =ifna(I106/20,0) -> #NAME? | K106: =IF(AND(G106<=$L$4,H106>=$K$4),"유효","") -> 유효 | L106: =IF(AND(H106>=$K$4,H106<=$L$4),"만료","") | M106: 김건 | N106: TRUE | O106: FALSE | P106: FALSE | Q106: =VLOOKUP($B106,'25년 12월 출석표'!$B$2:$BQ$497,16,0)/5 -> 0.2 | S106: =VLOOKUP($B106,'25년 12월 출석표'!$B$2:$BQ$497,30,0)/5 -> 0.4 | U106: =VLOOKUP($B106,'25년 12월 출석표'!$B$2:$BQ$497,44,0)/5 -> 0.2 | W106: =VLOOKUP($B106,'25년 12월 출석표'!$B$2:$BQ$497,58,0)/5 -> 0.2 | Y106: =VLOOKUP($B106,'25년 12월 출석표'!$B$2:$BQ$503,66,0)/5 -> 0.2
B107: 김충열 | C107: 여 | D107: 010-8741-7458 | E107: 6개월 | F107: 45948 | G107: 45950 | H107: 45768 | I107: =VLOOKUP(B107,'25년 12월 출석표'!$B$7:$D$509,3,0) -> 11 | J107: =ifna(I107/20,0) -> #NAME? | K107: =IF(AND(G107<=$L$4,H107>=$K$4),"유효","") | L107: =IF(AND(H107>=$K$4,H107<=$L$4),"만료","") | N107: FALSE | O107: FALSE | P107: FALSE | Q107: =VLOOKUP($B107,'25년 12월 출석표'!$B$2:$BQ$497,16,0)/5 -> 0 | S107: =VLOOKUP($B107,'25년 12월 출석표'!$B$2:$BQ$497,30,0)/5 -> 0.4 | U107: =VLOOKUP($B107,'25년 12월 출석표'!$B$2:$BQ$497,44,0)/5 -> 0.8 | W107: =VLOOKUP($B107,'25년 12월 출석표'!$B$2:$BQ$497,58,0)/5 -> 0.6 | Y107: =VLOOKUP($B107,'25년 12월 출석표'!$B$2:$BQ$503,66,0)/5 -> 0.4
B108: 김유정 | C108: 여 | D108: 010-8741-7458 | E108: 6개월 | F108: 45948 | G108: 45950 | H108: 46133 | I108: =VLOOKUP(B108,'25년 12월 출석표'!$B$7:$D$509,3,0) -> 12 | J108: =ifna(I108/20,0) -> #NAME? | K108: =IF(AND(G108<=$L$4,H108>=$K$4),"유효","") -> 유효 | L108: =IF(AND(H108>=$K$4,H108<=$L$4),"만료","") | M108: 김효빈 | N108: FALSE | O108: FALSE | P108: FALSE | Q108: =VLOOKUP($B108,'25년 12월 출석표'!$B$2:$BQ$497,16,0)/5 -> 1 | S108: =VLOOKUP($B108,'25년 12월 출석표'!$B$2:$BQ$497,30,0)/5 -> 0.6 | U108: =VLOOKUP($B108,'25년 12월 출석표'!$B$2:$BQ$497,44,0)/5 -> 0.4 | W108: =VLOOKUP($B108,'25년 12월 출석표'!$B$2:$BQ$497,58,0)/5 -> 0.2 | Y108: =VLOOKUP($B108,'25년 12월 출석표'!$B$2:$BQ$503,66,0)/5 -> 0.2
B109: 김균해 | C109: 남 | D109: 010-4900-5598 | E109: 9개월 | F109: 45950 | G109: 45951 | H109: 46223 | I109: =VLOOKUP(B109,'25년 12월 출석표'!$B$7:$D$509,3,0) -> 1 | J109: =ifna(I109/20,0) -> #NAME? | K109: =IF(AND(G109<=$L$4,H109>=$K$4),"유효","") -> 유효 | L109: =IF(AND(H109>=$K$4,H109<=$L$4),"만료","") | M109: 김효빈 | N109: FALSE | O109: FALSE | P109: FALSE | Q109: =VLOOKUP($B109,'25년 12월 출석표'!$B$2:$BQ$497,16,0)/5 -> 0.2 | S109: =VLOOKUP($B109,'25년 12월 출석표'!$B$2:$BQ$497,30,0)/5 -> 0 | U109: =VLOOKUP($B109,'25년 12월 출석표'!$B$2:$BQ$497,44,0)/5 -> 0 | W109: =VLOOKUP($B109,'25년 12월 출석표'!$B$2:$BQ$497,58,0)/5 -> 0 | Y109: =VLOOKUP($B109,'25년 12월 출석표'!$B$2:$BQ$503,66,0)/5 -> 0
B110: 오명은 | C110: 여 | D110: 010-2528-8613 | E110: 6개월 | F110: 45950 | G110: 45951 | H110: 46163 | I110: =VLOOKUP(B110,'25년 12월 출석표'!$B$7:$D$509,3,0) -> 6 | J110: =ifna(I110/20,0) -> #NAME? | K110: =IF(AND(G110<=$L$4,H110>=$K$4),"유효","") -> 유효 | L110: =IF(AND(H110>=$K$4,H110<=$L$4),"만료","") | M110: 김건 | N110: TRUE | O110: FALSE | P110: FALSE | Q110: =VLOOKUP($B110,'25년 12월 출석표'!$B$2:$BQ$497,16,0)/5 -> 0.4 | S110: =VLOOKUP($B110,'25년 12월 출석표'!$B$2:$BQ$497,30,0)/5 -> 0.4 | U110: =VLOOKUP($B110,'25년 12월 출석표'!$B$2:$BQ$497,44,0)/5 -> 0.4 | W110: =VLOOKUP($B110,'25년 12월 출석표'!$B$2:$BQ$497,58,0)/5 -> 0 | Y110: =VLOOKUP($B110,'25년 12월 출석표'!$B$2:$BQ$503,66,0)/5 -> 0
B111: 이지은 | C111: 여 | D111: 010-4488-8232 | E111: 12개월 | F111: 45953 | G111: 45957 | H111: 46321 | I111: =VLOOKUP(B111,'25년 12월 출석표'!$B$7:$D$509,3,0) -> 14 | J111: =ifna(I111/20,0) -> #NAME? | K111: =IF(AND(G111<=$L$4,H111>=$K$4),"유효","") -> 유효 | L111: =IF(AND(H111>=$K$4,H111<=$L$4),"만료","") | M111: 김건 | N111: TRUE | O111: FALSE | P111: FALSE | Q111: =VLOOKUP($B111,'25년 12월 출석표'!$B$2:$BQ$497,16,0)/5 -> 0.6 | S111: =VLOOKUP($B111,'25년 12월 출석표'!$B$2:$BQ$497,30,0)/5 -> 0.8 | U111: =VLOOKUP($B111,'25년 12월 출석표'!$B$2:$BQ$497,44,0)/5 -> 0.6 | W111: =VLOOKUP($B111,'25년 12월 출석표'!$B$2:$BQ$497,58,0)/5 -> 0.4 | Y111: =VLOOKUP($B111,'25년 12월 출석표'!$B$2:$BQ$503,66,0)/5 -> 0.4
B112: 이은주 | C112: 여 | D112: 010-3381-4705 | E112: 21개월 | F112: 45954 | G112: 45957 | H112: 46321 | I112: =VLOOKUP(B112,'25년 12월 출석표'!$B$7:$D$509,3,0) -> 22 | J112: =ifna(I112/20,0) -> #NAME? | K112: =IF(AND(G112<=$L$4,H112>=$K$4),"유효","") -> 유효 | L112: =IF(AND(H112>=$K$4,H112<=$L$4),"만료","") | M112: 김건 | N112: TRUE | O112: FALSE | P112: FALSE | Q112: =VLOOKUP($B112,'25년 12월 출석표'!$B$2:$BQ$497,16,0)/5 -> 1 | S112: =VLOOKUP($B112,'25년 12월 출석표'!$B$2:$BQ$497,30,0)/5 -> 1 | U112: =VLOOKUP($B112,'25년 12월 출석표'!$B$2:$BQ$497,44,0)/5 -> 1 | W112: =VLOOKUP($B112,'25년 12월 출석표'!$B$2:$BQ$497,58,0)/5 -> 0.8 | Y112: =VLOOKUP($B112,'25년 12월 출석표'!$B$2:$BQ$503,66,0)/5 -> 0.6
B113: 강한빛/김소정 | C113: 남 | D113: 010-5290-0857 | E113: 3개월 | F113: 45958 | G113: 45996 | H113: 46085 | I113: =VLOOKUP(B113,'25년 12월 출석표'!$B$7:$D$509,3,0) -> 0 | J113: =ifna(I113/20,0) -> #NAME? | K113: =IF(AND(G113<=$L$4,H113>=$K$4),"유효","") -> 유효 | L113: =IF(AND(H113>=$K$4,H113<=$L$4),"만료","") | M113: 김건 | N113: TRUE | O113: FALSE | P113: FALSE | Q113: =VLOOKUP($B113,'25년 12월 출석표'!$B$2:$BQ$497,16,0)/5 -> 0 | S113: =VLOOKUP($B113,'25년 12월 출석표'!$B$2:$BQ$497,30,0)/5 -> 0 | U113: =VLOOKUP($B113,'25년 12월 출석표'!$B$2:$BQ$497,44,0)/5 -> 0 | W113: =VLOOKUP($B113,'25년 12월 출석표'!$B$2:$BQ$497,58,0)/5 -> 0 | Y113: =VLOOKUP($B113,'25년 12월 출석표'!$B$2:$BQ$503,66,0)/5 -> 0
B114: 박영자 | C114: 여 | D114: 010-9410-6092 | E114: 12개월 | F114: 45958 | G114: 45959 | H114: 46323 | I114: =VLOOKUP(B114,'25년 12월 출석표'!$B$7:$D$509,3,0) -> 6 | J114: =ifna(I114/20,0) -> #NAME? | K114: =IF(AND(G114<=$L$4,H114>=$K$4),"유효","") -> 유효 | L114: =IF(AND(H114>=$K$4,H114<=$L$4),"만료","") | M114: 김효빈 | N114: FALSE | O114: FALSE | P114: FALSE | Q114: =VLOOKUP($B114,'25년 12월 출석표'!$B$2:$BQ$497,16,0)/5 -> 0.6 | S114: =VLOOKUP($B114,'25년 12월 출석표'!$B$2:$BQ$497,30,0)/5 -> 0.2 | U114: =VLOOKUP($B114,'25년 12월 출석표'!$B$2:$BQ$497,44,0)/5 -> 0.4 | W114: =VLOOKUP($B114,'25년 12월 출석표'!$B$2:$BQ$497,58,0)/5 -> 0 | Y114: =VLOOKUP($B114,'25년 12월 출석표'!$B$2:$BQ$503,66,0)/5 -> 0
B115: 김시현 | C115: 여 | D115: 010-4065-8159 | E115: 12개월 | F115: 45958 | G115: 45959 | H115: 46323 | I115: =VLOOKUP(B115,'25년 12월 출석표'!$B$7:$D$509,3,0) -> 8 | J115: =ifna(I115/20,0) -> #NAME? | K115: =IF(AND(G115<=$L$4,H115>=$K$4),"유효","") -> 유효 | L115: =IF(AND(H115>=$K$4,H115<=$L$4),"만료","") | M115: 김건 | N115: TRUE | O115: FALSE | P115: FALSE | Q115: =VLOOKUP($B115,'25년 12월 출석표'!$B$2:$BQ$497,16,0)/5 -> 0.6 | S115: =VLOOKUP($B115,'25년 12월 출석표'!$B$2:$BQ$497,30,0)/5 -> 0.4 | U115: =VLOOKUP($B115,'25년 12월 출석표'!$B$2:$BQ$497,44,0)/5 -> 0.2 | W115: =VLOOKUP($B115,'25년 12월 출석표'!$B$2:$BQ$497,58,0)/5 -> 0.2 | Y115: =VLOOKUP($B115,'25년 12월 출석표'!$B$2:$BQ$503,66,0)/5 -> 0.2
B116: 윤미숙 | C116: 여 | D116: 010-8745-5324 | E116: 12개월 | F116: 45960 | G116: 45961 | H116: 46325 | I116: =VLOOKUP(B116,'25년 12월 출석표'!$B$7:$D$509,3,0) -> 0 | J116: =ifna(I116/20,0) -> #NAME? | K116: =IF(AND(G116<=$L$4,H116>=$K$4),"유효","") -> 유효 | L116: =IF(AND(H116>=$K$4,H116<=$L$4),"만료","") | M116: 김효빈 | N116: FALSE | O116: FALSE | P116: FALSE | Q116: =VLOOKUP($B116,'25년 12월 출석표'!$B$2:$BQ$497,16,0)/5 -> 0 | S116: =VLOOKUP($B116,'25년 12월 출석표'!$B$2:$BQ$497,30,0)/5 -> 0 | U116: =VLOOKUP($B116,'25년 12월 출석표'!$B$2:$BQ$497,44,0)/5 -> 0 | W116: =VLOOKUP($B116,'25년 12월 출석표'!$B$2:$BQ$497,58,0)/5 -> 0 | Y116: =VLOOKUP($B116,'25년 12월 출석표'!$B$2:$BQ$503,66,0)/5 -> 0
B117: 안혜자 | C117: 여 | D117: 010-7674-8770 | E117: 12개월 | F117: 45960 | G117: 45965 | H117: 46328 | I117: =VLOOKUP(B117,'25년 12월 출석표'!$B$7:$D$509,3,0) -> 0 | J117: =ifna(I117/20,0) -> #NAME? | K117: =IF(AND(G117<=$L$4,H117>=$K$4),"유효","") -> 유효 | L117: =IF(AND(H117>=$K$4,H117<=$L$4),"만료","") | M117: 김효빈 | N117: FALSE | O117: FALSE | P117: FALSE | Q117: =VLOOKUP($B117,'25년 12월 출석표'!$B$2:$BQ$497,16,0)/5 -> 0 | S117: =VLOOKUP($B117,'25년 12월 출석표'!$B$2:$BQ$497,30,0)/5 -> 0 | U117: =VLOOKUP($B117,'25년 12월 출석표'!$B$2:$BQ$497,44,0)/5 -> 0 | W117: =VLOOKUP($B117,'25년 12월 출석표'!$B$2:$BQ$497,58,0)/5 -> 0 | Y117: =VLOOKUP($B117,'25년 12월 출석표'!$B$2:$BQ$503,66,0)/5 -> 0
B118: 양창규 | C118: 남 | D118: 010-3764-3721 | E118: 12개월 | F118: 45960 | G118: 45961 | H118: 46325 | I118: =VLOOKUP(B118,'25년 12월 출석표'!$B$7:$D$509,3,0) -> 10 | J118: =ifna(I118/20,0) -> #NAME? | K118: =IF(AND(G118<=$L$4,H118>=$K$4),"유효","") -> 유효 | L118: =IF(AND(H118>=$K$4,H118<=$L$4),"만료","") | M118: 김건 | N118: TRUE | O118: FALSE | P118: FALSE | Q118: =VLOOKUP($B118,'25년 12월 출석표'!$B$2:$BQ$497,16,0)/5 -> 0.4 | S118: =VLOOKUP($B118,'25년 12월 출석표'!$B$2:$BQ$497,30,0)/5 -> 0.4 | U118: =VLOOKUP($B118,'25년 12월 출석표'!$B$2:$BQ$497,44,0)/5 -> 0.6 | W118: =VLOOKUP($B118,'25년 12월 출석표'!$B$2:$BQ$497,58,0)/5 -> 0.4 | Y118: =VLOOKUP($B118,'25년 12월 출석표'!$B$2:$BQ$503,66,0)/5 -> 0.2
B119: 배명숙 | C119: 여 | D119: 010-7487-7482 | E119: 12개월 | F119: 45960 | G119: 45961 | H119: 46325 | I119: =VLOOKUP(B119,'25년 12월 출석표'!$B$7:$D$509,3,0) -> 13 | J119: =ifna(I119/20,0) -> #NAME? | K119: =IF(AND(G119<=$L$4,H119>=$K$4),"유효","") -> 유효 | L119: =IF(AND(H119>=$K$4,H119<=$L$4),"만료","") | M119: 김효빈 | N119: FALSE | O119: FALSE | P119: FALSE | Q119: =VLOOKUP($B119,'25년 12월 출석표'!$B$2:$BQ$497,16,0)/5 -> 0.4 | S119: =VLOOKUP($B119,'25년 12월 출석표'!$B$2:$BQ$497,30,0)/5 -> 0.2 | U119: =VLOOKUP($B119,'25년 12월 출석표'!$B$2:$BQ$497,44,0)/5 -> 0.6 | W119: =VLOOKUP($B119,'25년 12월 출석표'!$B$2:$BQ$497,58,0)/5 -> 0.8 | Y119: =VLOOKUP($B119,'25년 12월 출석표'!$B$2:$BQ$503,66,0)/5 -> 0.6
... B137: 이세희 | C137: 남 | D137: 010-9790-5233 | E137: 5개월 | F137: 45994 | G137: 45999 | H137: 46148 | I137: =VLOOKUP(B137,'25년 12월 출석표'!$B$7:$D$509,3,0) -> 11 | J137: =ifna(I137/20,0) -> #NAME? | K137: =IF(AND(G137<=$L$4,H137>=$K$4),"유효","") -> 유효 | L137: =IF(AND(H137>=$K$4,H137<=$L$4),"만료","") | M137: 서준석 | N137: TRUE | O137: FALSE | P137: FALSE | Q137: =VLOOKUP($B137,'25년 12월 출석표'!$B$2:$BQ$497,16,0)/5 -> 0 | S137: =VLOOKUP($B137,'25년 12월 출석표'!$B$2:$BQ$497,30,0)/5 -> 0.8 | U137: =VLOOKUP($B137,'25년 12월 출석표'!$B$2:$BQ$497,44,0)/5 -> 0.6 | W137: =VLOOKUP($B137,'25년 12월 출석표'!$B$2:$BQ$497,58,0)/5 -> 0.4 | Y137: =VLOOKUP($B137,'25년 12월 출석표'!$B$2:$BQ$503,66,0)/5 -> 0.4
B138: 황수영 | C138: 여 | D138: 010-1111-1111 | E138: 5개월 | F138: 45995 | G138: 45995 | H138: 46056 | I138: =VLOOKUP(B138,'25년 12월 출석표'!$B$7:$D$509,3,0) -> 0 | J138: =ifna(I138/20,0) -> #NAME? | K138: =IF(AND(G138<=$L$4,H138>=$K$4),"유효","") -> 유효 | L138: =IF(AND(H138>=$K$4,H138<=$L$4),"만료","") | N138: FALSE | O138: FALSE | P138: FALSE | Q138: =VLOOKUP($B138,'25년 12월 출석표'!$B$2:$BQ$497,16,0)/5 -> 0 | S138: =VLOOKUP($B138,'25년 12월 출석표'!$B$2:$BQ$497,30,0)/5 -> 0 | U138: =VLOOKUP($B138,'25년 12월 출석표'!$B$2:$BQ$497,44,0)/5 -> 0 | W138: =VLOOKUP($B138,'25년 12월 출석표'!$B$2:$BQ$497,58,0)/5 -> 0 | Y138: =VLOOKUP($B138,'25년 12월 출석표'!$B$2:$BQ$503,66,0)/5 -> 0
B139: 강지영 | C139: 여 | D139: 010-1111-1112 | E139: 5개월 | F139: 45995 | G139: 45995 | H139: 46145 | I139: =VLOOKUP(B139,'25년 12월 출석표'!$B$7:$D$509,3,0) -> 0 | J139: =ifna(I139/20,0) -> #NAME? | K139: =IF(AND(G139<=$L$4,H139>=$K$4),"유효","") -> 유효 | L139: =IF(AND(H139>=$K$4,H139<=$L$4),"만료","") | N139: FALSE | O139: FALSE | P139: FALSE | Q139: =VLOOKUP($B139,'25년 12월 출석표'!$B$2:$BQ$497,16,0)/5 -> 0 | S139: =VLOOKUP($B139,'25년 12월 출석표'!$B$2:$BQ$497,30,0)/5 -> 0 | U139: =VLOOKUP($B139,'25년 12월 출석표'!$B$2:$BQ$497,44,0)/5 -> 0 | W139: =VLOOKUP($B139,'25년 12월 출석표'!$B$2:$BQ$497,58,0)/5 -> 0 | Y139: =VLOOKUP($B139,'25년 12월 출석표'!$B$2:$BQ$503,66,0)/5 -> 0
B140: 한주환 | C140: 남 | D140: 010-1234-1234 | E140: 5개월 | F140: 45995 | G140: 45661 | H140: 46176 | I140: =VLOOKUP(B140,'25년 12월 출석표'!$B$7:$D$509,3,0) -> 0 | J140: =ifna(I140/20,0) -> #NAME? | K140: =IF(AND(G140<=$L$4,H140>=$K$4),"유효","") -> 유효 | L140: =IF(AND(H140>=$K$4,H140<=$L$4),"만료","") | N140: FALSE | O140: FALSE | P140: FALSE | Q140: =VLOOKUP($B140,'25년 12월 출석표'!$B$2:$BQ$497,16,0)/5 -> 0 | S140: =VLOOKUP($B140,'25년 12월 출석표'!$B$2:$BQ$497,30,0)/5 -> 0 | U140: =VLOOKUP($B140,'25년 12월 출석표'!$B$2:$BQ$497,44,0)/5 -> 0 | W140: =VLOOKUP($B140,'25년 12월 출석표'!$B$2:$BQ$497,58,0)/5 -> 0 | Y140: =VLOOKUP($B140,'25년 12월 출석표'!$B$2:$BQ$503,66,0)/5 -> 0
B141: 이혜승 | C141: 여 | D141: 010-8714-0526 | E141: 12개월 | F141: 45999 | G141: 45999 | H141: 46394 | I141: =VLOOKUP(B141,'25년 12월 출석표'!$B$7:$D$509,3,0) -> 6 | J141: =ifna(I141/20,0) -> #NAME? | K141: =IF(AND(G141<=$L$4,H141>=$K$4),"유효","") -> 유효 | L141: =IF(AND(H141>=$K$4,H141<=$L$4),"만료","") | M141: 서준석 | N141: TRUE | O141: FALSE | P141: FALSE | Q141: =VLOOKUP($B141,'25년 12월 출석표'!$B$2:$BQ$497,16,0)/5 -> 0 | S141: =VLOOKUP($B141,'25년 12월 출석표'!$B$2:$BQ$497,30,0)/5 -> 0.2 | U141: =VLOOKUP($B141,'25년 12월 출석표'!$B$2:$BQ$497,44,0)/5 -> 0.8 | W141: =VLOOKUP($B141,'25년 12월 출석표'!$B$2:$BQ$497,58,0)/5 -> 0 | Y141: =VLOOKUP($B141,'25년 12월 출석표'!$B$2:$BQ$503,66,0)/5 -> 0.2
B142: 김한별 | C142: 여 | D142: 010-6204-7332 | E142: 3개월 | F142: 45999 | G142: 46000 | H142: 46089 | I142: =VLOOKUP(B142,'25년 12월 출석표'!$B$7:$D$509,3,0) -> 12 | J142: =ifna(I142/20,0) -> #NAME? | K142: =IF(AND(G142<=$L$4,H142>=$K$4),"유효","") -> 유효 | L142: =IF(AND(H142>=$K$4,H142<=$L$4),"만료","") | M142: 김효빈 | N142: FALSE | O142: FALSE | P142: FALSE | Q142: =VLOOKUP($B142,'25년 12월 출석표'!$B$2:$BQ$497,16,0)/5 -> 0 | S142: =VLOOKUP($B142,'25년 12월 출석표'!$B$2:$BQ$497,30,0)/5 -> 0.8 | U142: =VLOOKUP($B142,'25년 12월 출석표'!$B$2:$BQ$497,44,0)/5 -> 1 | W142: =VLOOKUP($B142,'25년 12월 출석표'!$B$2:$BQ$497,58,0)/5 -> 0.2 | Y142: =VLOOKUP($B142,'25년 12월 출석표'!$B$2:$BQ$503,66,0)/5 -> 0.4
B143: 이동건 | C143: 남 | D143: 010-2001-0078 | E143: 2개월 | F143: 46000 | G143: 46001 | H143: 46075 | I143: =VLOOKUP(B143,'25년 12월 출석표'!$B$7:$D$509,3,0) -> 12 | J143: =ifna(I143/20,0) -> #NAME? | K143: =IF(AND(G143<=$L$4,H143>=$K$4),"유효","") -> 유효 | L143: =IF(AND(H143>=$K$4,H143<=$L$4),"만료","") | M143: 김효빈 | N143: FALSE | O143: FALSE | P143: FALSE | Q143: =VLOOKUP($B143,'25년 12월 출석표'!$B$2:$BQ$497,16,0)/5 -> 0 | S143: =VLOOKUP($B143,'25년 12월 출석표'!$B$2:$BQ$497,30,0)/5 -> 0.4 | U143: =VLOOKUP($B143,'25년 12월 출석표'!$B$2:$BQ$497,44,0)/5 -> 0.8 | W143: =VLOOKUP($B143,'25년 12월 출석표'!$B$2:$BQ$497,58,0)/5 -> 0.8 | Y143: =VLOOKUP($B143,'25년 12월 출석표'!$B$2:$BQ$503,66,0)/5 -> 0.4
B144: 박강민 | C144: 남 | D144: 010-9096-9452 | E144: 2개월 | F144: 46000 | G144: 46000 | H144: 46074 | I144: =VLOOKUP(B144,'25년 12월 출석표'!$B$7:$D$509,3,0) -> 14 | J144: =ifna(I144/20,0) -> #NAME? | K144: =IF(AND(G144<=$L$4,H144>=$K$4),"유효","") -> 유효 | L144: =IF(AND(H144>=$K$4,H144<=$L$4),"만료","") | M144: 김효빈 | N144: FALSE | O144: FALSE | P144: FALSE | Q144: =VLOOKUP($B144,'25년 12월 출석표'!$B$2:$BQ$497,16,0)/5 -> 0 | S144: =VLOOKUP($B144,'25년 12월 출석표'!$B$2:$BQ$497,30,0)/5 -> 0.8 | U144: =VLOOKUP($B144,'25년 12월 출석표'!$B$2:$BQ$497,44,0)/5 -> 0.8 | W144: =VLOOKUP($B144,'25년 12월 출석표'!$B$2:$BQ$497,58,0)/5 -> 0.8 | Y144: =VLOOKUP($B144,'25년 12월 출석표'!$B$2:$BQ$503,66,0)/5 -> 0.4
B145: 홍정아 | C145: 여 | D145: 010-6310-9068 | E145: 가계약 | F145: 46001 | G145: 46002 | H145: 46020 | I145: =VLOOKUP(B145,'25년 12월 출석표'!$B$7:$D$509,3,0) -> 3 | J145: =ifna(I145/20,0) -> #NAME? | K145: =IF(AND(G145<=$L$4,H145>=$K$4),"유효","") -> 유효 | L145: =IF(AND(H145>=$K$4,H145<=$L$4),"만료","") -> 만료 | M145: 김효빈 | N145: FALSE | O145: FALSE | P145: FALSE | Q145: =VLOOKUP($B145,'25년 12월 출석표'!$B$2:$BQ$497,16,0)/5 -> 0 | S145: =VLOOKUP($B145,'25년 12월 출석표'!$B$2:$BQ$497,30,0)/5 -> 0 | U145: =VLOOKUP($B145,'25년 12월 출석표'!$B$2:$BQ$497,44,0)/5 -> 0.2 | W145: =VLOOKUP($B145,'25년 12월 출석표'!$B$2:$BQ$497,58,0)/5 -> 0.2 | Y145: =VLOOKUP($B145,'25년 12월 출석표'!$B$2:$BQ$503,66,0)/5 -> 0.2
B146: 조범기 | C146: 남 | D146: 010-6246-8119 | E146: 6개월 | F146: 46001 | G146: 46003 | H146: 46184 | I146: =VLOOKUP(B146,'25년 12월 출석표'!$B$7:$D$509,3,0) -> 5 | J146: =ifna(I146/20,0) -> #NAME? | K146: =IF(AND(G146<=$L$4,H146>=$K$4),"유효","") -> 유효 | L146: =IF(AND(H146>=$K$4,H146<=$L$4),"만료","") | N146: FALSE | O146: FALSE | P146: FALSE | Q146: =VLOOKUP($B146,'25년 12월 출석표'!$B$2:$BQ$497,16,0)/5 -> 0 | S146: =VLOOKUP($B146,'25년 12월 출석표'!$B$2:$BQ$497,30,0)/5 -> 0 | U146: =VLOOKUP($B146,'25년 12월 출석표'!$B$2:$BQ$497,44,0)/5 -> 0.2 | W146: =VLOOKUP($B146,'25년 12월 출석표'!$B$2:$BQ$497,58,0)/5 -> 0.6 | Y146: =VLOOKUP($B146,'25년 12월 출석표'!$B$2:$BQ$503,66,0)/5 -> 0.2
B147: 한동은 | C147: 여 | D147: 010-4002-3111 | E147: 3개월 | F147: 46002 | G147: 46006 | H147: 46095 | I147: =VLOOKUP(B147,'25년 12월 출석표'!$B$7:$D$509,3,0) -> 6 | J147: =ifna(I147/20,0) -> #NAME? | K147: =IF(AND(G147<=$L$4,H147>=$K$4),"유효","") -> 유효 | L147: =IF(AND(H147>=$K$4,H147<=$L$4),"만료","") | M147: 서준석 | N147: TRUE | O147: FALSE | P147: FALSE | Q147: =VLOOKUP($B147,'25년 12월 출석표'!$B$2:$BQ$497,16,0)/5 -> 0 | S147: =VLOOKUP($B147,'25년 12월 출석표'!$B$2:$BQ$497,30,0)/5 -> 0 | U147: =VLOOKUP($B147,'25년 12월 출석표'!$B$2:$BQ$497,44,0)/5 -> 0.6 | W147: =VLOOKUP($B147,'25년 12월 출석표'!$B$2:$BQ$497,58,0)/5 -> 0.4 | Y147: =VLOOKUP($B147,'25년 12월 출석표'!$B$2:$BQ$503,66,0)/5 -> 0.2
B148: 이은영 | C148: 여 | D148: 010-2299-5862 | E148: 1개월 | F148: 46003 | G148: 46029 | H148: 46081 | I148: =VLOOKUP(B148,'25년 12월 출석표'!$B$7:$D$509,3,0) -> 0 | J148: =ifna(I148/20,0) -> #NAME? | K148: =IF(AND(G148<=$L$4,H148>=$K$4),"유효","") | L148: =IF(AND(H148>=$K$4,H148<=$L$4),"만료","") | M148: 김건,김효빈 | N148: FALSE | O148: FALSE | P148: FALSE | Q148: =VLOOKUP($B148,'25년 12월 출석표'!$B$2:$BQ$497,16,0)/5 -> 0 | S148: =VLOOKUP($B148,'25년 12월 출석표'!$B$2:$BQ$497,30,0)/5 -> 0 | U148: =VLOOKUP($B148,'25년 12월 출석표'!$B$2:$BQ$497,44,0)/5 -> 0 | W148: =VLOOKUP($B148,'25년 12월 출석표'!$B$2:$BQ$497,58,0)/5 -> 0 | Y148: =VLOOKUP($B148,'25년 12월 출석표'!$B$2:$BQ$503,66,0)/5 -> 0
B149: 강승연 | C149: 여 | D149: 010-6352-6922 | E149: 12개월 | F149: 46003 | G149: 46006 | H149: 46370 | I149: =VLOOKUP(B149,'25년 12월 출석표'!$B$7:$D$509,3,0) -> 1 | J149: =ifna(I149/20,0) -> #NAME? | K149: =IF(AND(G149<=$L$4,H149>=$K$4),"유효","") -> 유효 | L149: =IF(AND(H149>=$K$4,H149<=$L$4),"만료","") | M149: 김효빈 | N149: FALSE | O149: FALSE | P149: FALSE | Q149: =VLOOKUP($B149,'25년 12월 출석표'!$B$2:$BQ$497,16,0)/5 -> 0 | S149: =VLOOKUP($B149,'25년 12월 출석표'!$B$2:$BQ$497,30,0)/5 -> 0 | U149: =VLOOKUP($B149,'25년 12월 출석표'!$B$2:$BQ$497,44,0)/5 -> 0.2 | W149: =VLOOKUP($B149,'25년 12월 출석표'!$B$2:$BQ$497,58,0)/5 -> 0 | Y149: =VLOOKUP($B149,'25년 12월 출석표'!$B$2:$BQ$503,66,0)/5 -> 0
B150: 이수연 | C150: 여 | D150: 010-8965-7260 | E150: 12개월 | F150: 46003 | G150: 46006 | H150: 46370 | I150: =VLOOKUP(B150,'25년 12월 출석표'!$B$7:$D$509,3,0) -> 2 | J150: =ifna(I150/20,0) -> #NAME? | K150: =IF(AND(G150<=$L$4,H150>=$K$4),"유효","") -> 유효 | L150: =IF(AND(H150>=$K$4,H150<=$L$4),"만료","") | M150: 서준석 | N150: TRUE | O150: FALSE | P150: FALSE | Q150: =VLOOKUP($B150,'25년 12월 출석표'!$B$2:$BQ$497,16,0)/5 -> 0 | S150: =VLOOKUP($B150,'25년 12월 출석표'!$B$2:$BQ$497,30,0)/5 -> 0 | U150: =VLOOKUP($B150,'25년 12월 출석표'!$B$2:$BQ$497,44,0)/5 -> 0.4 | W150: =VLOOKUP($B150,'25년 12월 출석표'!$B$2:$BQ$497,58,0)/5 -> 0 | Y150: =VLOOKUP($B150,'25년 12월 출석표'!$B$2:$BQ$503,66,0)/5 -> 0
B151: 김보미 | C151: 여 | D151: 010-4006-9251 | E151: 1개월 | F151: 46003 | G151: 46006 | H151: 46053 | I151: =VLOOKUP(B151,'25년 12월 출석표'!$B$7:$D$509,3,0) -> 9 | J151: =ifna(I151/20,0) -> #NAME? | K151: =IF(AND(G151<=$L$4,H151>=$K$4),"유효","") -> 유효 | L151: =IF(AND(H151>=$K$4,H151<=$L$4),"만료","") | M151: 김건,김효빈 | N151: FALSE | O151: FALSE | P151: FALSE | Q151: =VLOOKUP($B151,'25년 12월 출석표'!$B$2:$BQ$497,16,0)/5 -> 0 | S151: =VLOOKUP($B151,'25년 12월 출석표'!$B$2:$BQ$497,30,0)/5 -> 0 | U151: =VLOOKUP($B151,'25년 12월 출석표'!$B$2:$BQ$497,44,0)/5 -> 1 | W151: =VLOOKUP($B151,'25년 12월 출석표'!$B$2:$BQ$497,58,0)/5 -> 0.6 | Y151: =VLOOKUP($B151,'25년 12월 출석표'!$B$2:$BQ$503,66,0)/5 -> 0.2
B152: 박미화 | C152: 여 | D152: 010-2410-2811 | E152: 12개월 | F152: 46003 | G152: 46023 | H152: 46387 | I152: =VLOOKUP(B152,'25년 12월 출석표'!$B$7:$D$509,3,0) -> 9 | J152: =ifna(I152/20,0) -> #NAME? | K152: =IF(AND(G152<=$L$4,H152>=$K$4),"유효","") | L152: =IF(AND(H152>=$K$4,H152<=$L$4),"만료","") | M152: 서준석 | N152: TRUE | O152: FALSE | P152: FALSE | Q152: =VLOOKUP($B152,'25년 12월 출석표'!$B$2:$BQ$497,16,0)/5 -> 0 | S152: =VLOOKUP($B152,'25년 12월 출석표'!$B$2:$BQ$497,30,0)/5 -> 0 | U152: =VLOOKUP($B152,'25년 12월 출석표'!$B$2:$BQ$497,44,0)/5 -> 0.6 | W152: =VLOOKUP($B152,'25년 12월 출석표'!$B$2:$BQ$497,58,0)/5 -> 0.8 | Y152: =VLOOKUP($B152,'25년 12월 출석표'!$B$2:$BQ$503,66,0)/5 -> 0.4
B153: 이지민 | C153: 여 | D153: 010-2171-5037 | E153: 12개월 | F153: 46006 | G153: 46023 | H153: 46387 | I153: =VLOOKUP(B153,'25년 12월 출석표'!$B$7:$D$509,3,0) -> 7 | J153: =ifna(I153/20,0) -> #NAME? | K153: =IF(AND(G153<=$L$4,H153>=$K$4),"유효","") | L153: =IF(AND(H153>=$K$4,H153<=$L$4),"만료","") | M153: 김효빈 | N153: FALSE | O153: FALSE | P153: FALSE | Q153: =VLOOKUP($B153,'25년 12월 출석표'!$B$2:$BQ$497,16,0)/5 -> 0 | S153: =VLOOKUP($B153,'25년 12월 출석표'!$B$2:$BQ$497,30,0)/5 -> 0 | U153: =VLOOKUP($B153,'25년 12월 출석표'!$B$2:$BQ$497,44,0)/5 -> 0.4 | W153: =VLOOKUP($B153,'25년 12월 출석표'!$B$2:$BQ$497,58,0)/5 -> 0.6 | Y153: =VLOOKUP($B153,'25년 12월 출석표'!$B$2:$BQ$503,66,0)/5 -> 0.4
B154: 윤채림 | C154: 여 | D154: 010-7920-4857 | E154: 9개월 | F154: 46007 | G154: 46023 | H154: 46281 | I154: =VLOOKUP(B154,'25년 12월 출석표'!$B$7:$D$509,3,0) -> 5 | J154: =ifna(I154/20,0) -> #NAME? | K154: =IF(AND(G154<=$L$4,H154>=$K$4),"유효","") | L154: =IF(AND(H154>=$K$4,H154<=$L$4),"만료","") | M154: 서준석 | N154: TRUE | O154: FALSE | P154: FALSE | Q154: =VLOOKUP($B154,'25년 12월 출석표'!$B$2:$BQ$497,16,0)/5 -> 0 | S154: =VLOOKUP($B154,'25년 12월 출석표'!$B$2:$BQ$497,30,0)/5 -> 0 | U154: =VLOOKUP($B154,'25년 12월 출석표'!$B$2:$BQ$497,44,0)/5 -> 0.2 | W154: =VLOOKUP($B154,'25년 12월 출석표'!$B$2:$BQ$497,58,0)/5 -> 0.4 | Y154: =VLOOKUP($B154,'25년 12월 출석표'!$B$2:$BQ$503,66,0)/5 -> 0.4
B155: 심정아 | C155: 여 | D155: 010-3237-4645 | E155: 12개월 | F155: 46007 | G155: 46023 | H155: 46387 | I155: =VLOOKUP(B155,'25년 12월 출석표'!$B$7:$D$509,3,0) -> 6 | J155: =ifna(I155/20,0) -> #NAME? | K155: =IF(AND(G155<=$L$4,H155>=$K$4),"유효","") | L155: =IF(AND(H155>=$K$4,H155<=$L$4),"만료","") | M155: 서준석 | N155: TRUE | O155: FALSE | P155: FALSE | Q155: =VLOOKUP($B155,'25년 12월 출석표'!$B$2:$BQ$497,16,0)/5 -> 0 | S155: =VLOOKUP($B155,'25년 12월 출석표'!$B$2:$BQ$497,30,0)/5 -> 0 | U155: =VLOOKUP($B155,'25년 12월 출석표'!$B$2:$BQ$497,44,0)/5 -> 0.6 | W155: =VLOOKUP($B155,'25년 12월 출석표'!$B$2:$BQ$497,58,0)/5 -> 0.6 | Y155: =VLOOKUP($B155,'25년 12월 출석표'!$B$2:$BQ$503,66,0)/5 -> 0
B156: 박상욱 | C156: 남 | D156: 010-3156-6693 | E156: 3개월 | F156: 46010 | G156: 46013 | H156: 46102 | I156: =VLOOKUP(B156,'25년 12월 출석표'!$B$7:$D$509,3,0) -> 5 | J156: =ifna(I156/20,0) -> #NAME? | K156: =IF(AND(G156<=$L$4,H156>=$K$4),"유효","") -> 유효 | L156: =IF(AND(H156>=$K$4,H156<=$L$4),"만료","") | M156: 김효빈 | N156: FALSE | O156: FALSE | P156: FALSE | Q156: =VLOOKUP($B156,'25년 12월 출석표'!$B$2:$BQ$497,16,0)/5 -> 0 | S156: =VLOOKUP($B156,'25년 12월 출석표'!$B$2:$BQ$497,30,0)/5 -> 0 | U156: =VLOOKUP($B156,'25년 12월 출석표'!$B$2:$BQ$497,44,0)/5 -> 0 | W156: =VLOOKUP($B156,'25년 12월 출석표'!$B$2:$BQ$497,58,0)/5 -> 0.8 | Y156: =VLOOKUP($B156,'25년 12월 출석표'!$B$2:$BQ$503,66,0)/5 -> 0.2
B157: 박화은 | C157: 여 | D157: 010-6333-7775 | E157: 1개월 | F157: 46010 | G157: 46013 | H157: 46043 | I157: =VLOOKUP(B157,'25년 12월 출석표'!$B$7:$D$509,3,0) -> 6 | J157: =ifna(I157/20,0) -> #NAME? | K157: =IF(AND(G157<=$L$4,H157>=$K$4),"유효","") -> 유효 | L157: =IF(AND(H157>=$K$4,H157<=$L$4),"만료","") | M157: 서준석 | N157: FALSE | O157: FALSE | P157: FALSE | Q157: =VLOOKUP($B157,'25년 12월 출석표'!$B$2:$BQ$497,16,0)/5 -> 0 | S157: =VLOOKUP($B157,'25년 12월 출석표'!$B$2:$BQ$497,30,0)/5 -> 0 | U157: =VLOOKUP($B157,'25년 12월 출석표'!$B$2:$BQ$497,44,0)/5 -> 0 | W157: =VLOOKUP($B157,'25년 12월 출석표'!$B$2:$BQ$497,58,0)/5 -> 0.6 | Y157: =VLOOKUP($B157,'25년 12월 출석표'!$B$2:$BQ$503,66,0)/5 -> 0.6
B158: 유선민 | C158: 여 | D158: 010-3531-4265 | E158: 1개월 | F158: 46011 | G158: 46013 | H158: 46043 | I158: =VLOOKUP(B158,'25년 12월 출석표'!$B$7:$D$509,3,0) -> 4 | J158: =ifna(I158/20,0) -> #NAME? | K158: =IF(AND(G158<=$L$4,H158>=$K$4),"유효","") -> 유효 | L158: =IF(AND(H158>=$K$4,H158<=$L$4),"만료","") | M158: 김효빈 | N158: FALSE | O158: FALSE | P158: FALSE | Q158: =VLOOKUP($B158,'25년 12월 출석표'!$B$2:$BQ$497,16,0)/5 -> 0 | S158: =VLOOKUP($B158,'25년 12월 출석표'!$B$2:$BQ$497,30,0)/5 -> 0 | U158: =VLOOKUP($B158,'25년 12월 출석표'!$B$2:$BQ$497,44,0)/5 -> 0 | W158: =VLOOKUP($B158,'25년 12월 출석표'!$B$2:$BQ$497,58,0)/5 -> 0.4 | Y158: =VLOOKUP($B158,'25년 12월 출석표'!$B$2:$BQ$503,66,0)/5 -> 0.4
... B162: 신윤진 | C162: 여 | D162: 010-4754-4751 | E162: 3개월 | F162: 46017 | G162: 46027 | H162: 46116 | I162: =VLOOKUP(B162,'25년 12월 출석표'!$B$7:$D$509,3,0) -> 0 | J162: =ifna(I162/20,0) -> #NAME? | K162: =IF(AND(G162<=$L$4,H162>=$K$4),"유효","") | L162: =IF(AND(H162>=$K$4,H162<=$L$4),"만료","") | M162: 김효빈 | N162: FALSE | O162: FALSE | P162: FALSE | Q162: =VLOOKUP($B162,'25년 12월 출석표'!$B$2:$BQ$497,16,0)/5 -> 0 | S162: =VLOOKUP($B162,'25년 12월 출석표'!$B$2:$BQ$497,30,0)/5 -> 0 | U162: =VLOOKUP($B162,'25년 12월 출석표'!$B$2:$BQ$497,44,0)/5 -> 0 | W162: =VLOOKUP($B162,'25년 12월 출석표'!$B$2:$BQ$497,58,0)/5 -> 0 | Y162: =VLOOKUP($B162,'25년 12월 출석표'!$B$2:$BQ$503,66,0)/5 -> 0
B163: 이소윤 | C163: 여 | D163: 010-2627-9028 | E163: 7회 | F163: 46018 | G163: 46018 | H163: - | I163: =VLOOKUP(B163,'25년 12월 출석표'!$B$7:$D$509,3,0) -> 0 | J163: =ifna(I163/20,0) -> #NAME? | K163: =IF(AND(G163<=$L$4,H163>=$K$4),"유효","") -> 유효 | L163: =IF(AND(H163>=$K$4,H163<=$L$4),"만료","") | M163: 서준석 | N163: FALSE | O163: FALSE | P163: FALSE | Q163: =VLOOKUP($B163,'25년 12월 출석표'!$B$2:$BQ$497,16,0)/5 -> 0 | S163: =VLOOKUP($B163,'25년 12월 출석표'!$B$2:$BQ$497,30,0)/5 -> 0 | U163: =VLOOKUP($B163,'25년 12월 출석표'!$B$2:$BQ$497,44,0)/5 -> 0 | W163: =VLOOKUP($B163,'25년 12월 출석표'!$B$2:$BQ$497,58,0)/5 -> 0 | Y163: =VLOOKUP($B163,'25년 12월 출석표'!$B$2:$BQ$503,66,0)/5 -> 0
B164: 김혜경 | C164: 여 | D164: 010-4706-6876 | E164: 9개월 | F164: 46018 | G164: 46023 | H164: 46385 | I164: =VLOOKUP(B164,'25년 12월 출석표'!$B$7:$D$509,3,0) -> 1 | J164: =ifna(I164/20,0) -> #NAME? | K164: =IF(AND(G164<=$L$4,H164>=$K$4),"유효","") | L164: =IF(AND(H164>=$K$4,H164<=$L$4),"만료","") | M164: 서준석 | N164: FALSE | O164: FALSE | P164: FALSE | Q164: =VLOOKUP($B164,'25년 12월 출석표'!$B$2:$BQ$497,16,0)/5 -> 0 | S164: =VLOOKUP($B164,'25년 12월 출석표'!$B$2:$BQ$497,30,0)/5 -> 0 | U164: =VLOOKUP($B164,'25년 12월 출석표'!$B$2:$BQ$497,44,0)/5 -> 0 | W164: =VLOOKUP($B164,'25년 12월 출석표'!$B$2:$BQ$497,58,0)/5 -> 0 | Y164: =VLOOKUP($B164,'25년 12월 출석표'!$B$2:$BQ$503,66,0)/5 -> 0.2
B165: 황인준 | C165: 남 | D165: 010-3062-4112 | E165: 3개월 | F165: 46018 | G165: 46027 | H165: 46116 | I165: =VLOOKUP(B165,'25년 12월 출석표'!$B$7:$D$509,3,0) -> 2 | J165: =ifna(I165/20,0) -> #NAME? | K165: =IF(AND(G165<=$L$4,H165>=$K$4),"유효","") | L165: =IF(AND(H165>=$K$4,H165<=$L$4),"만료","") | M165: 서준석석 | N165: FALSE | O165: FALSE | P165: FALSE | Q165: =VLOOKUP($B165,'25년 12월 출석표'!$B$2:$BQ$497,16,0)/5 -> 0 | S165: =VLOOKUP($B165,'25년 12월 출석표'!$B$2:$BQ$497,30,0)/5 -> 0 | U165: =VLOOKUP($B165,'25년 12월 출석표'!$B$2:$BQ$497,44,0)/5 -> 0 | W165: =VLOOKUP($B165,'25년 12월 출석표'!$B$2:$BQ$497,58,0)/5 -> 0.2 | Y165: =VLOOKUP($B165,'25년 12월 출석표'!$B$2:$BQ$503,66,0)/5 -> 0.2
B166: 배진선 | C166: 여 | D166: 010-5172-8628 | E166: 12개월 | F166: 46020 | G166: 46027 | H166: 46391 | I166: =VLOOKUP(B166,'25년 12월 출석표'!$B$7:$D$509,3,0) -> 0 | J166: =ifna(I166/20,0) -> #NAME? | K166: =IF(AND(G166<=$L$4,H166>=$K$4),"유효","") | L166: =IF(AND(H166>=$K$4,H166<=$L$4),"만료","") | M166: 김효빈 | N166: FALSE | O166: FALSE | P166: FALSE | Q166: =VLOOKUP($B166,'25년 12월 출석표'!$B$2:$BQ$497,16,0)/5 -> 0 | S166: =VLOOKUP($B166,'25년 12월 출석표'!$B$2:$BQ$497,30,0)/5 -> 0 | U166: =VLOOKUP($B166,'25년 12월 출석표'!$B$2:$BQ$497,44,0)/5 -> 0 | W166: =VLOOKUP($B166,'25년 12월 출석표'!$B$2:$BQ$497,58,0)/5 -> 0 | Y166: =VLOOKUP($B166,'25년 12월 출석표'!$B$2:$BQ$503,66,0)/5 -> 0
B167: 강세철 | C167: 남 | D167: 010-6392-9545 | E167: 6개월 | F167: 2025.07.12 | G167: 2025.07.28 | H167: 2026.02.27 | I167: =VLOOKUP(B167,'25년 12월 출석표'!$B$7:$D$509,3,0) -> 8 | J167: =ifna(I167/20,0) -> #NAME? | K167: =IF(AND(G167<=$L$4,H167>=$K$4),"유효","") | L167: =IF(AND(H167>=$K$4,H167<=$L$4),"만료","") | N167: FALSE | O167: FALSE | P167: FALSE | Q167: =VLOOKUP($B167,'25년 12월 출석표'!$B$2:$BQ$497,16,0)/5 -> 0.4 | S167: =VLOOKUP($B167,'25년 12월 출석표'!$B$2:$BQ$497,30,0)/5 -> 0.2 | U167: =VLOOKUP($B167,'25년 12월 출석표'!$B$2:$BQ$497,44,0)/5 -> 0.4 | W167: =VLOOKUP($B167,'25년 12월 출석표'!$B$2:$BQ$497,58,0)/5 -> 0.2 | Y167: =VLOOKUP($B167,'25년 12월 출석표'!$B$2:$BQ$503,66,0)/5 -> 0.4
B168: 이태은 | C168: 여 | D168: 010-5855-4154 | E168: 9개월 | F168: 2025.08.14 | G168: 2025.08.14 | H168: 2026.05.29 | I168: =VLOOKUP(B168,'25년 12월 출석표'!$B$7:$D$509,3,0) -> 14 | J168: =ifna(I168/20,0) -> #NAME? | K168: =IF(AND(G168<=$L$4,H168>=$K$4),"유효","") | L168: =IF(AND(H168>=$K$4,H168<=$L$4),"만료","") | N168: FALSE | O168: FALSE | P168: FALSE | Q168: =VLOOKUP($B168,'25년 12월 출석표'!$B$2:$BQ$497,16,0)/5 -> 0.6 | S168: =VLOOKUP($B168,'25년 12월 출석표'!$B$2:$BQ$497,30,0)/5 -> 0.4 | U168: =VLOOKUP($B168,'25년 12월 출석표'!$B$2:$BQ$497,44,0)/5 -> 0.4 | W168: =VLOOKUP($B168,'25년 12월 출석표'!$B$2:$BQ$497,58,0)/5 -> 0.8 | Y168: =VLOOKUP($B168,'25년 12월 출석표'!$B$2:$BQ$503,66,0)/5 -> 0.6
B169: 이환희 | C169: 남 | D169: 010-2133-4154 | E169: 9개월 | F169: 2025.08.14 | G169: 2025.08.14 | H169: 2026.05.29 | I169: =VLOOKUP(B169,'25년 12월 출석표'!$B$7:$D$509,3,0) -> 15 | J169: =ifna(I169/20,0) -> #NAME? | K169: =IF(AND(G169<=$L$4,H169>=$K$4),"유효","") | L169: =IF(AND(H169>=$K$4,H169<=$L$4),"만료","") | N169: FALSE | O169: FALSE | P169: FALSE | Q169: =VLOOKUP($B169,'25년 12월 출석표'!$B$2:$BQ$497,16,0)/5 -> 0.4 | S169: =VLOOKUP($B169,'25년 12월 출석표'!$B$2:$BQ$497,30,0)/5 -> 0.6 | U169: =VLOOKUP($B169,'25년 12월 출석표'!$B$2:$BQ$497,44,0)/5 -> 0.6 | W169: =VLOOKUP($B169,'25년 12월 출석표'!$B$2:$BQ$497,58,0)/5 -> 0.8 | Y169: =VLOOKUP($B169,'25년 12월 출석표'!$B$2:$BQ$503,66,0)/5 -> 0.6
B170: 인소영 | C170: 여 | D170: 010-4015-0992 | E170: 12개월 | F170: 2025.12.30 | G170: 2026.01.01 | H170: 2026.12.31 | I170: =VLOOKUP(B170,'25년 12월 출석표'!$B$7:$D$509,3,0) -> 0 | J170: =ifna(I170/20,0) -> #NAME? | K170: =IF(AND(G170<=$L$4,H170>=$K$4),"유효","") | L170: =IF(AND(H170>=$K$4,H170<=$L$4),"만료","") | M170: 서준석 | N170: FALSE | O170: FALSE | P170: FALSE | Q170: =VLOOKUP($B170,'25년 12월 출석표'!$B$2:$BQ$497,16,0)/5 -> 0 | S170: =VLOOKUP($B170,'25년 12월 출석표'!$B$2:$BQ$497,30,0)/5 -> 0 | U170: =VLOOKUP($B170,'25년 12월 출석표'!$B$2:$BQ$497,44,0)/5 -> 0 | W170: =VLOOKUP($B170,'25년 12월 출석표'!$B$2:$BQ$497,58,0)/5 -> 0 | Y170: =VLOOKUP($B170,'25년 12월 출석표'!$B$2:$BQ$503,66,0)/5 -> 0
B171: 문아인 | C171: 여 | D171: 010-4615-6586 | E171: 2개월 | F171: 2025.12.30 | G171: 2026.01.01 | H171: 2026.03.01 | I171: =VLOOKUP(B171,'25년 12월 출석표'!$B$7:$D$509,3,0) -> 1 | J171: =ifna(I171/20,0) -> #NAME? | K171: =IF(AND(G171<=$L$4,H171>=$K$4),"유효","") | L171: =IF(AND(H171>=$K$4,H171<=$L$4),"만료","") | M171: 서준석 | N171: FALSE | O171: FALSE | P171: FALSE | Q171: =VLOOKUP($B171,'25년 12월 출석표'!$B$2:$BQ$497,16,0)/5 -> 0 | S171: =VLOOKUP($B171,'25년 12월 출석표'!$B$2:$BQ$497,30,0)/5 -> 0 | U171: =VLOOKUP($B171,'25년 12월 출석표'!$B$2:$BQ$497,44,0)/5 -> 0 | W171: =VLOOKUP($B171,'25년 12월 출석표'!$B$2:$BQ$497,58,0)/5 -> 0 | Y171: =VLOOKUP($B171,'25년 12월 출석표'!$B$2:$BQ$503,66,0)/5 -> 0.2
B172: 김은혜 | C172: 여 | D172: 010-8102-7406 | E172: 9개월 | F172: 2025.12.30 | G172: 2025.12.31 | H172: 2026.10.30 | I172: =VLOOKUP(B172,'25년 12월 출석표'!$B$7:$D$509,3,0) -> 4 | J172: =ifna(I172/20,0) -> #NAME? | K172: =IF(AND(G172<=$L$4,H172>=$K$4),"유효","") | L172: =IF(AND(H172>=$K$4,H172<=$L$4),"만료","") | M172: 김효빈 | N172: FALSE | O172: FALSE | P172: FALSE | Q172: =VLOOKUP($B172,'25년 12월 출석표'!$B$2:$BQ$497,16,0)/5 -> 0 | S172: =VLOOKUP($B172,'25년 12월 출석표'!$B$2:$BQ$497,30,0)/5 -> 0.6 | U172: =VLOOKUP($B172,'25년 12월 출석표'!$B$2:$BQ$497,44,0)/5 -> 0 | W172: =VLOOKUP($B172,'25년 12월 출석표'!$B$2:$BQ$497,58,0)/5 -> 0 | Y172: =VLOOKUP($B172,'25년 12월 출석표'!$B$2:$BQ$503,66,0)/5 -> 0.2
B173: 김진서 | C173: 여 | D173: 010-7673-4824 | E173: 2개월 | F173: 2025.12.31 | G173: 2026.01.01 | H173: 2026.02.28 | I173: =VLOOKUP(B173,'25년 12월 출석표'!$B$7:$D$509,3,0) -> 0 | J173: =ifna(I173/20,0) -> #NAME? | K173: =IF(AND(G173<=$L$4,H173>=$K$4),"유효","") | L173: =IF(AND(H173>=$K$4,H173<=$L$4),"만료","") | M173: 김효빈 | N173: FALSE | O173: FALSE | P173: FALSE | Q173: =VLOOKUP($B173,'25년 12월 출석표'!$B$2:$BQ$497,16,0)/5 -> 0 | S173: =VLOOKUP($B173,'25년 12월 출석표'!$B$2:$BQ$497,30,0)/5 -> 0 | U173: =VLOOKUP($B173,'25년 12월 출석표'!$B$2:$BQ$497,44,0)/5 -> 0 | W173: =VLOOKUP($B173,'25년 12월 출석표'!$B$2:$BQ$497,58,0)/5 -> 0 | Y173: =VLOOKUP($B173,'25년 12월 출석표'!$B$2:$BQ$503,66,0)/5 -> 0
B174: 원정선 | C174: 여 | D174: 010-3880-9701 | E174: 12개월 | F174: 2025.12.31 | G174: 2026.01.06 | H174: 2027.02.05 | I174: =VLOOKUP(B174,'25년 12월 출석표'!$B$7:$D$509,3,0) -> 0 | J174: =ifna(I174/20,0) -> #NAME? | K174: =IF(AND(G174<=$L$4,H174>=$K$4),"유효","") | L174: =IF(AND(H174>=$K$4,H174<=$L$4),"만료","") | M174: 서준석 | N174: FALSE | O174: FALSE | P174: FALSE | Q174: =VLOOKUP($B174,'25년 12월 출석표'!$B$2:$BQ$497,16,0)/5 -> 0 | S174: =VLOOKUP($B174,'25년 12월 출석표'!$B$2:$BQ$497,30,0)/5 -> 0 | U174: =VLOOKUP($B174,'25년 12월 출석표'!$B$2:$BQ$497,44,0)/5 -> 0 | W174: =VLOOKUP($B174,'25년 12월 출석표'!$B$2:$BQ$497,58,0)/5 -> 0 | Y174: =VLOOKUP($B174,'25년 12월 출석표'!$B$2:$BQ$503,66,0)/5 -> 0
B175: 이민우 | C175: 남 | D175: 010-7339-6724 | E175: 12개월 | F175: 2026.01.02 | G175: 2026.01.12 | H175: 2027.01.11 | I175: =VLOOKUP(B175,'25년 12월 출석표'!$B$7:$D$509,3,0) -> 0 | J175: =ifna(I175/20,0) -> #NAME? | K175: =IF(AND(G175<=$L$4,H175>=$K$4),"유효","") | L175: =IF(AND(H175>=$K$4,H175<=$L$4),"만료","") | M175: 서준석 | N175: FALSE | O175: FALSE | P175: FALSE | Q175: =VLOOKUP($B175,'25년 12월 출석표'!$B$2:$BQ$497,16,0)/5 -> 0 | S175: =VLOOKUP($B175,'25년 12월 출석표'!$B$2:$BQ$497,30,0)/5 -> 0 | U175: =VLOOKUP($B175,'25년 12월 출석표'!$B$2:$BQ$497,44,0)/5 -> 0 | W175: =VLOOKUP($B175,'25년 12월 출석표'!$B$2:$BQ$497,58,0)/5 -> 0 | Y175: =VLOOKUP($B175,'25년 12월 출석표'!$B$2:$BQ$503,66,0)/5 -> 0
B176: 김민희 | C176: 여 | D176: 010-3553-7685 | E176: 횟수권 | F176: 2026.01.03 | G176: 2026.01.05 | H176: - | I176: =VLOOKUP(B176,'25년 12월 출석표'!$B$7:$D$509,3,0) -> 0 | J176: =ifna(I176/20,0) -> #NAME? | K176: =IF(AND(G176<=$L$4,H176>=$K$4),"유효","") | L176: =IF(AND(H176>=$K$4,H176<=$L$4),"만료","") | M176: 서준석 | N176: FALSE | O176: FALSE | P176: FALSE | Q176: =VLOOKUP($B176,'25년 12월 출석표'!$B$2:$BQ$497,16,0)/5 -> 0 | S176: =VLOOKUP($B176,'25년 12월 출석표'!$B$2:$BQ$497,30,0)/5 -> 0 | U176: =VLOOKUP($B176,'25년 12월 출석표'!$B$2:$BQ$497,44,0)/5 -> 0 | W176: =VLOOKUP($B176,'25년 12월 출석표'!$B$2:$BQ$497,58,0)/5 -> 0 | Y176: =VLOOKUP($B176,'25년 12월 출석표'!$B$2:$BQ$503,66,0)/5 -> 0
I177: =VLOOKUP(B177,'25년 12월 출석표'!$B$7:$D$509,3,0) -> #N/A | J177: =ifna(I177/20,0) -> #NAME? | K177: =IF(AND(G177<=$L$4,H177>=$K$4),"유효","") | L177: =IF(AND(H177>=$K$4,H177<=$L$4),"만료","") | N177: FALSE | O177: FALSE | P177: FALSE | Q177: =VLOOKUP($B177,'25년 12월 출석표'!$B$2:$BQ$497,16,0)/5 -> #N/A | S177: =VLOOKUP($B177,'25년 12월 출석표'!$B$2:$BQ$497,30,0)/5 -> #N/A | U177: =VLOOKUP($B177,'25년 12월 출석표'!$B$2:$BQ$497,44,0)/5 -> #N/A | W177: =VLOOKUP($B177,'25년 12월 출석표'!$B$2:$BQ$497,58,0)/5 -> #N/A | Y177: =VLOOKUP($B177,'25년 12월 출석표'!$B$2:$BQ$503,66,0)/5 -> #N/A
I178: =VLOOKUP(B178,'25년 12월 출석표'!$B$7:$D$509,3,0) -> #N/A | J178: =ifna(I178/20,0) -> #NAME? | K178: =IF(AND(G178<=$L$4,H178>=$K$4),"유효","") | L178: =IF(AND(H178>=$K$4,H178<=$L$4),"만료","") | N178: FALSE | O178: FALSE | P178: FALSE | Q178: =VLOOKUP($B178,'25년 12월 출석표'!$B$2:$BQ$497,16,0)/5 -> #N/A | S178: =VLOOKUP($B178,'25년 12월 출석표'!$B$2:$BQ$497,30,0)/5 -> #N/A | U178: =VLOOKUP($B178,'25년 12월 출석표'!$B$2:$BQ$497,44,0)/5 -> #N/A | W178: =VLOOKUP($B178,'25년 12월 출석표'!$B$2:$BQ$497,58,0)/5 -> #N/A | Y178: =VLOOKUP($B178,'25년 12월 출석표'!$B$2:$BQ$503,66,0)/5 -> #N/A
I179: =VLOOKUP(B179,'25년 12월 출석표'!$B$7:$D$509,3,0) -> #N/A | J179: =ifna(I179/20,0) -> #NAME? | K179: =IF(AND(G179<=$L$4,H179>=$K$4),"유효","") | L179: =IF(AND(H179>=$K$4,H179<=$L$4),"만료","") | N179: FALSE | O179: FALSE | P179: FALSE | Q179: =VLOOKUP($B179,'25년 12월 출석표'!$B$2:$BQ$497,16,0)/5 -> #N/A | S179: =VLOOKUP($B179,'25년 12월 출석표'!$B$2:$BQ$497,30,0)/5 -> #N/A | U179: =VLOOKUP($B179,'25년 12월 출석표'!$B$2:$BQ$497,44,0)/5 -> #N/A | W179: =VLOOKUP($B179,'25년 12월 출석표'!$B$2:$BQ$497,58,0)/5 -> #N/A | Y179: =VLOOKUP($B179,'25년 12월 출석표'!$B$2:$BQ$503,66,0)/5 -> #N/A
I180: =VLOOKUP(B180,'25년 12월 출석표'!$B$7:$D$509,3,0) -> #N/A | J180: =ifna(I180/20,0) -> #NAME? | K180: =IF(AND(G180<=$L$4,H180>=$K$4),"유효","") | L180: =IF(AND(H180>=$K$4,H180<=$L$4),"만료","") | N180: FALSE | O180: FALSE | P180: FALSE | Q180: =VLOOKUP($B180,'25년 12월 출석표'!$B$2:$BQ$497,16,0)/5 -> #N/A | S180: =VLOOKUP($B180,'25년 12월 출석표'!$B$2:$BQ$497,30,0)/5 -> #N/A | U180: =VLOOKUP($B180,'25년 12월 출석표'!$B$2:$BQ$497,44,0)/5 -> #N/A | W180: =VLOOKUP($B180,'25년 12월 출석표'!$B$2:$BQ$497,58,0)/5 -> #N/A | Y180: =VLOOKUP($B180,'25년 12월 출석표'!$B$2:$BQ$503,66,0)/5 -> #N/A
I181: =VLOOKUP(B181,'25년 12월 출석표'!$B$7:$D$509,3,0) -> #N/A | J181: =ifna(I181/20,0) -> #NAME? | K181: =IF(AND(G181<=$L$4,H181>=$K$4),"유효","") | L181: =IF(AND(H181>=$K$4,H181<=$L$4),"만료","") | N181: FALSE | O181: FALSE | P181: FALSE | Q181: =VLOOKUP($B181,'25년 12월 출석표'!$B$2:$BQ$497,16,0)/5 -> #N/A | S181: =VLOOKUP($B181,'25년 12월 출석표'!$B$2:$BQ$497,30,0)/5 -> #N/A | U181: =VLOOKUP($B181,'25년 12월 출석표'!$B$2:$BQ$497,44,0)/5 -> #N/A | W181: =VLOOKUP($B181,'25년 12월 출석표'!$B$2:$BQ$497,58,0)/5 -> #N/A | Y181: =VLOOKUP($B181,'25년 12월 출석표'!$B$2:$BQ$503,66,0)/5 -> #N/A
I182: =VLOOKUP(B182,'25년 12월 출석표'!$B$7:$D$509,3,0) -> #N/A | J182: =ifna(I182/20,0) -> #NAME? | K182: =IF(AND(G182<=$L$4,H182>=$K$4),"유효","") | L182: =IF(AND(H182>=$K$4,H182<=$L$4),"만료","") | N182: FALSE | O182: FALSE | P182: FALSE | Q182: =VLOOKUP($B182,'25년 12월 출석표'!$B$2:$BQ$497,16,0)/5 -> #N/A | S182: =VLOOKUP($B182,'25년 12월 출석표'!$B$2:$BQ$497,30,0)/5 -> #N/A | U182: =VLOOKUP($B182,'25년 12월 출석표'!$B$2:$BQ$497,44,0)/5 -> #N/A | W182: =VLOOKUP($B182,'25년 12월 출석표'!$B$2:$BQ$497,58,0)/5 -> #N/A | Y182: =VLOOKUP($B182,'25년 12월 출석표'!$B$2:$BQ$503,66,0)/5 -> #N/A
I183: =VLOOKUP(B183,'25년 12월 출석표'!$B$7:$D$509,3,0) -> #N/A | J183: =ifna(I183/20,0) -> #NAME? | K183: =IF(AND(G183<=$L$4,H183>=$K$4),"유효","") | L183: =IF(AND(H183>=$K$4,H183<=$L$4),"만료","") | N183: FALSE | O183: FALSE | P183: FALSE | Q183: =VLOOKUP($B183,'25년 12월 출석표'!$B$2:$BQ$497,16,0)/5 -> #N/A | S183: =VLOOKUP($B183,'25년 12월 출석표'!$B$2:$BQ$497,30,0)/5 -> #N/A | U183: =VLOOKUP($B183,'25년 12월 출석표'!$B$2:$BQ$497,44,0)/5 -> #N/A | W183: =VLOOKUP($B183,'25년 12월 출석표'!$B$2:$BQ$497,58,0)/5 -> #N/A | Y183: =VLOOKUP($B183,'25년 12월 출석표'!$B$2:$BQ$503,66,0)/5 -> #N/A
I184: =VLOOKUP(B184,'25년 12월 출석표'!$B$7:$D$509,3,0) -> #N/A | J184: =ifna(I184/20,0) -> #NAME? | K184: =IF(AND(G184<=$L$4,H184>=$K$4),"유효","") | L184: =IF(AND(H184>=$K$4,H184<=$L$4),"만료","") | N184: FALSE | O184: FALSE | P184: FALSE | Q184: =VLOOKUP($B184,'25년 12월 출석표'!$B$2:$BQ$497,16,0)/5 -> #N/A | S184: =VLOOKUP($B184,'25년 12월 출석표'!$B$2:$BQ$497,30,0)/5 -> #N/A | U184: =VLOOKUP($B184,'25년 12월 출석표'!$B$2:$BQ$497,44,0)/5 -> #N/A | W184: =VLOOKUP($B184,'25년 12월 출석표'!$B$2:$BQ$497,58,0)/5 -> #N/A | Y184: =VLOOKUP($B184,'25년 12월 출석표'!$B$2:$BQ$503,66,0)/5 -> #N/A
I185: =VLOOKUP(B185,'25년 12월 출석표'!$B$7:$D$509,3,0) -> #N/A | J185: =ifna(I185/20,0) -> #NAME? | K185: =IF(AND(G185<=$L$4,H185>=$K$4),"유효","") | L185: =IF(AND(H185>=$K$4,H185<=$L$4),"만료","") | N185: FALSE | O185: FALSE | P185: FALSE | Q185: =VLOOKUP($B185,'25년 12월 출석표'!$B$2:$BQ$497,16,0)/5 -> #N/A | S185: =VLOOKUP($B185,'25년 12월 출석표'!$B$2:$BQ$497,30,0)/5 -> #N/A | U185: =VLOOKUP($B185,'25년 12월 출석표'!$B$2:$BQ$497,44,0)/5 -> #N/A | W185: =VLOOKUP($B185,'25년 12월 출석표'!$B$2:$BQ$497,58,0)/5 -> #N/A | Y185: =VLOOKUP($B185,'25년 12월 출석표'!$B$2:$BQ$503,66,0)/5 -> #N/A
I186: =VLOOKUP(B186,'25년 12월 출석표'!$B$7:$D$509,3,0) -> #N/A | J186: =ifna(I186/20,0) -> #NAME? | K186: =IF(AND(G186<=$L$4,H186>=$K$4),"유효","") | L186: =IF(AND(H186>=$K$4,H186<=$L$4),"만료","") | N186: FALSE | O186: FALSE | P186: FALSE | Q186: =VLOOKUP($B186,'25년 12월 출석표'!$B$2:$BQ$497,16,0)/5 -> #N/A | S186: =VLOOKUP($B186,'25년 12월 출석표'!$B$2:$BQ$497,30,0)/5 -> #N/A | U186: =VLOOKUP($B186,'25년 12월 출석표'!$B$2:$BQ$497,44,0)/5 -> #N/A | W186: =VLOOKUP($B186,'25년 12월 출석표'!$B$2:$BQ$497,58,0)/5 -> #N/A | Y186: =VLOOKUP($B186,'25년 12월 출석표'!$B$2:$BQ$503,66,0)/5 -> #N/A
...

Sheet 25년 12월 출석표
B1: 1 | C1: 2 | D1: 3 | E1: 4 | F1: 5 | G1: 6 | H1: 7 | I1: 8 | J1: 9 | K1: 10 | L1: 11 | M1: 12 | N1: 13 | O1: 14 | P1: 15 | Q1: 16 | R1: 17 | S1: 18 | T1: 19 | U1: 20 | V1: 21 | W1: 22 | X1: 23 | Y1: 24 | Z1: 25 | AA1: 26 | AB1: 27 | AC1: 28 | AD1: 29 | AE1: 30 | AF1: 31 | AG1: 32 | AH1: 33 | AI1: 34 | AJ1: 35 | AK1: 36 | AL1: 37 | AM1: 38 | AN1: 39 | AO1: 40 | AP1: 41 | AQ1: 42 | AR1: 43 | AS1: 44 | AT1: 45 | AU1: 46 | AV1: 47 | AW1: 48 | AX1: 49 | AY1: 50 | AZ1: 51 | BA1: 52 | BB1: 53 | BC1: 54 | BD1: 55 | BE1: 56 | BF1: 57 | BG1: 58 | BH1: 59 | BI1: 60 | BJ1: 61 | BK1: 62 | BL1: 63 | BM1: 64 | BN1: 65 | BO1: 66 | BP1: 67 | BQ1: 68 | BU1: 누적 | BV1: =SUM(BV3:BV7) -> 958 | BW1: =SUM(BW3:BW7) -> 22 | BX1: =BV1/BW1 -> 43.545455 | BY1: =BX1/BY2 -> #REF!
B2: 25.12월 | E2: 1 | G2: 2 | I2: 3 | K2: 4 | M2: 5 | O2: 6 | Q2: 7 | S2: 8 | U2: 9 | W2: 10 | Y2: 11 | AA2: 12 | AC2: 13 | AE2: 14 | AG2: 15 | AI2: 16 | AK2: 17 | AM2: 18 | AO2: 19 | AQ2: 20 | AS2: 21 | AU2: 22 | AW2: 23 | AY2: 24 | BA2: 25 | BC2: 26 | BE2: 27 | BG2: 28 | BI2: 29 | BK2: 30 | BM2: 31 | BR2: 평균 | BU2: 주차 | BV2: 출석수 | BW2: 일수 | BX2: 평균 | BY2: ='[1]25년 10월 유효회원'!D3 -> #REF!
D3: 수 | E3: =COUNTA(E7:E497) -> 55 | G3: =COUNTA(G7:G497) -> 48 | I3: =COUNTA(I7:I497) -> 39 | K3: =COUNTA(K7:K497) -> 31 | M3: =COUNTA(M7:M497) -> 42 | O3: =COUNTA(O7:O397) -> 13 | Q3: =SUM(Q7:Q497) -> 215 | S3: =COUNTA(S7:S497) -> 54 | U3: =COUNTA(U7:U497) -> 44 | W3: =COUNTA(W7:W497) -> 43 | Y3: =COUNTA(Y7:Y497) -> 41 | AA3: =COUNTA(AA7:AA497) -> 35 | AC3: =COUNTA(AC7:AC287) -> 17 | AE3: =SUM(AE7:AE497) -> 217 | AG3: =COUNTA(AG7:AG497) -> 51 | AI3: =COUNTA(AI7:AI497) -> 42 | AK3: =COUNTA(AK7:AK497) -> 45 | AM3: =COUNTA(AM7:AM497) -> 43 | AO3: =COUNTA(AO7:AO497) -> 39 | AQ3: =COUNTA(AQ7:AQ398) -> 8 | AS3: =SUM(AS7:AS497) -> 220 | AU3: =COUNTA(AU7:AU497) -> 52 | AW3: =COUNTA(AW7:AW497) -> 39 | AY3: =COUNTA(AY7:AY497) -> 39 | BA3: =COUNTA(BA7:BA497) -> 13 | BC3: =COUNTA(BC7:BC497) -> 37 | BE3: =COUNTA(BE7:BE398) -> 21 | BG3: =SUM(BG7:BG497) -> 180 | BI3: =COUNTA(BI7:BI497) -> 44 | BK3: =COUNTA(BK7:BK497) -> 49 | BM3: =COUNTA(BM7:BM497) -> 33 | BO3: =SUM(BO7:BO497) -> 126 | BR3: =AVERAGE(O3,AC3,AQ3,BE3,BO3) -> 37 | BU3: 1 | BV3: =Q3 -> 215 | BW3: 5 | BX3: =BV3/BW3 -> 43 | BY3: =BX3/BY2 -> #REF!
D4: 율 | E4: =E3/'25년 12월 유효회원'!$C$3 -> 0.36423841 | G4: =G3/'25년 12월 유효회원'!$C$3 -> 0.31788079 | I4: =I3/'25년 12월 유효회원'!$C$3 -> 0.25827815 | K4: =K3/'25년 12월 유효회원'!$C$3 -> 0.20529801 | M4: =M3/'25년 12월 유효회원'!$C$3 -> 0.2781457 | O4: =O3/'25년 12월 유효회원'!$C$3 -> 0.086092715 | Q4: =Q3/'25년 12월 유효회원'!$C$3 -> 1.4238411 | S4: =S3/'25년 12월 유효회원'!$C$3 -> 0.35761589 | U4: =U3/'25년 12월 유효회원'!$C$3 -> 0.29139073 | W4: =W3/'25년 12월 유효회원'!$C$3 -> 0.28476821 | Y4: =Y3/'25년 12월 유효회원'!$C$3 -> 0.27152318 | AA4: =AA3/'25년 12월 유효회원'!$C$3 -> 0.23178808 | AC4: =AC3/'25년 12월 유효회원'!$C$3 -> 0.11258278 | AE4: =AE3/'25년 12월 유효회원'!$C$3 -> 1.4370861 | AG4: =AG3/'25년 12월 유효회원'!$C$3 -> 0.33774834 | AI4: =AI3/'25년 12월 유효회원'!$C$3 -> 0.2781457 | AK4: =AK3/'25년 12월 유효회원'!$C$3 -> 0.29801325 | AM4: =AM3/'25년 12월 유효회원'!$C$3 -> 0.28476821 | AO4: =AO3/'25년 12월 유효회원'!$C$3 -> 0.25827815 | AQ4: =AQ3/'25년 12월 유효회원'!$C$3 -> 0.052980132 | AS4: =AS3/'25년 12월 유효회원'!$C$3 -> 1.4569536 | AU4: =AU3/'25년 12월 유효회원'!$C$3 -> 0.34437086 | AW4: =AW3/'25년 12월 유효회원'!$C$3 -> 0.25827815 | AY4: =AY3/'25년 12월 유효회원'!$C$3 -> 0.25827815 | BA4: =BA3/'25년 12월 유효회원'!$C$3 -> 0.086092715 | BC4: =BC3/'25년 12월 유효회원'!$C$3 -> 0.24503311 | BE4: =BE3/'25년 12월 유효회원'!$C$3 -> 0.13907285 | BG4: =BG3/'25년 12월 유효회원'!$C$3 -> 1.192053 | BI4: =BI3/'25년 12월 유효회원'!$C$3 -> 0.29139073 | BK4: =BK3/'25년 12월 유효회원'!$C$3 -> 0.32450331 | BM4: =BM3/'25년 12월 유효회원'!$C$3 -> 0.21854305 | BO4: =BO3/'25년 12월 유효회원'!$C$3 -> 0.83443709 | BR4: =AVERAGE(M4,AA4,AO4,BC4,BO4) -> 0.36953642 | BU4: 2 | BV4: =AE3 -> 217 | BW4: 5 | BX4: =BV4/BW4 -> 43.4 | BY4: =BX4/$BY$2 -> #REF!
A5: s . 신규 | E5: 남 | F5: 여 | G5: 남 | H5: 여 | I5: 남 | J5: 여 | K5: 남 | L5: 여 | M5: 남 | N5: 여 | O5: 남 | P5: 여 | Q5: 남 | R5: 여 | S5: 남 | T5: 여 | U5: 남 | V5: 여 | W5: 남 | X5: 여 | Y5: 남 | Z5: 여 | AA5: 남 | AB5: 여 | AC5: 남 | AD5: 여 | AE5: 남 | AF5: 여 | AG5: 남 | AH5: 여 | AI5: 남 | AJ5: 여 | AK5: 남 | AL5: 여 | AM5: 남 | AN5: 여 | AO5: 남 | AP5: 여 | AQ5: 남 | AR5: 여 | AS5: 남 | AT5: 여 | AU5: 남 | AV5: 여 | AW5: 남 | AX5: 여 | AY5: 남 | AZ5: 여 | BA5: 남 | BB5: 여 | BC5: 남 | BD5: 여 | BE5: 남 | BF5: 여 | BG5: 남 | BH5: 여 | BI5: 남 | BJ5: 여 | BK5: 남 | BL5: 여 | BM5: 남 | BN5: 여 | BO5: 남 | BP5: 여 | BU5: 3 | BV5: =AS3 -> 220 | BW5: 5 | BX5: =BV5/BW5 -> 44 | BY5: =BX5/$BY$2 -> #REF!
A6: r 기존. | B6: 이름 | C6: 성별 | D6: 수 | E6: =COUNTIFS($C$7:$C$432,"남",E7:E432,"<>") -> 6 | F6: =COUNTIFS($C$7:$C$432,"여",E7:E432,"<>") -> 49 | G6: =COUNTIFS($C$7:$C$432,"남",G7:G432,"<>") -> 10 | H6: =COUNTIFS($C$7:$C$432,"여",G7:G432,"<>") -> 38 | I6: =COUNTIFS($C$7:$C$432,"남",I7:I432,"<>") -> 4 | J6: =COUNTIFS($C$7:$C$432,"여",I7:I432,"<>") -> 35 | K6: =COUNTIFS($C$7:$C$432,"남",K7:K432,"<>") -> 7 | L6: =COUNTIFS($C$7:$C$432,"여",K7:K432,"<>") -> 24 | M6: =COUNTIFS($C$7:$C$432,"남",M7:M432,"<>") -> 5 | N6: =COUNTIFS($C$7:$C$432,"여",M7:M432,"<>") -> 37 | O6: 0 | P6: 0 | Q6: 0 | R6: 0 | S6: =COUNTIFS($C$7:$C$432,"남",S7:S432,"<>") -> 10 | T6: =COUNTIFS($C$7:$C$432,"여",S7:S432,"<>") -> 44 | U6: =COUNTIFS($C$7:$C$432,"남",U7:U432,"<>") -> 10 | V6: =COUNTIFS($C$7:$C$432,"여",U7:U432,"<>") -> 34 | W6: =COUNTIFS($C$7:$C$432,"남",W7:W432,"<>") -> 8 | X6: =COUNTIFS($C$7:$C$432,"여",W7:W432,"<>") -> 35 | Y6: =COUNTIFS($C$7:$C$432,"남",Y7:Y432,"<>") -> 13 | Z6: =COUNTIFS($C$7:$C$432,"여",Y7:Y432,"<>") -> 28 | AA6: =COUNTIFS($C$7:$C$432,"남",AA7:AA432,"<>") -> 8 | AB6: =COUNTIFS($C$7:$C$432,"여",AA7:AA432,"<>") -> 27 | AC6: 0 | AD6: 0 | AE6: 0 | AF6: 0 | AG6: =COUNTIFS($C$7:$C$432,"남",AG7:AG432,"<>") -> 10 | AH6: =COUNTIFS($C$7:$C$432,"여",AG7:AG432,"<>") -> 41 | AI6: =COUNTIFS($C$7:$C$432,"남",AI7:AI432,"<>") -> 9 | AJ6: =COUNTIFS($C$7:$C$432,"여",AI7:AI432,"<>") -> 33 | AK6: =COUNTIFS($C$7:$C$432,"남",AK7:AK432,"<>") -> 11 | AL6: =COUNTIFS($C$7:$C$432,"여",AK7:AK432,"<>") -> 34 | AM6: =COUNTIFS($C$7:$C$432,"남",AM7:AM432,"<>") -> 9 | AN6: =COUNTIFS($C$7:$C$432,"여",AM7:AM432,"<>") -> 34 | AO6: =COUNTIFS($C$7:$C$432,"남",AO7:AO432,"<>") -> 11 | AP6: =COUNTIFS($C$7:$C$432,"여",AO7:AO432,"<>") -> 28 | AQ6: 0 | AR6: 0 | AS6: 0 | AT6: 0 | AU6: =COUNTIFS($C$7:$C$432,"남",AU7:AU432,"<>") -> 13 | AV6: =COUNTIFS($C$7:$C$432,"여",AU7:AU432,"<>") -> 39 | AW6: =COUNTIFS($C$7:$C$432,"남",AW7:AW432,"<>") -> 10 | AX6: =COUNTIFS($C$7:$C$432,"여",AW7:AW432,"<>") -> 29 | AY6: =COUNTIFS($C$7:$C$432,"남",AY7:AY432,"<>") -> 12 | AZ6: =COUNTIFS($C$7:$C$432,"여",AY7:AY432,"<>") -> 27 | BA6: =COUNTIFS($C$7:$C$432,"남",BA7:BA432,"<>") -> 7 | BB6: =COUNTIFS($C$7:$C$432,"여",BA7:BA432,"<>") -> 6 | BC6: =COUNTIFS($C$7:$C$432,"남",BC7:BC432,"<>") -> 8 | BD6: =COUNTIFS($C$7:$C$432,"여",BC7:BC432,"<>") -> 29 | BE6: 0 | BF6: 0 | BG6: 0 | BH6: 0 | BI6: =COUNTIFS($C$7:$C$432,"남",BI7:BI432,"<>") -> 11 | BJ6: =COUNTIFS($C$7:$C$432,"여",BI7:BI432,"<>") -> 33 | BK6: =COUNTIFS($C$7:$C$432,"남",BK7:BK432,"<>") -> 11 | BL6: =COUNTIFS($C$7:$C$432,"여",BK7:BK432,"<>") -> 38 | BM6: =COUNTIFS($C$7:$C$432,"남",BM7:BM432,"<>") -> 7 | BN6: =COUNTIFS($C$7:$C$432,"여",BM7:BM432,"<>") -> 26 | BO6: 0 | BP6: 0 | BU6: 4 | BV6: =BG3 -> 180 | BW6: 4 | BX6: =BV6/BW6 -> 45 | BY6: =BX6/$BY$2 -> #REF!
A7: mr 살몬 | BU7: 5 | BV7: =BO3 -> 126 | BW7: 3 | BX7: =BV7/BW7 -> 42 | BY7: =BX7/$BY$2 -> #REF!
B8: 김정숙 | C8: 여 | D8: =SUM(Q8,AE8,AS8,BG8,BO8) -> 10 | M8: 17 | O8: 11 | Q8: =COUNTA(E8:N8) -> 1 | W8: 17 | Y8: 17 | AE8: =COUNTA(S8:AB8) -> 2 | AI8: 8 | AK8: 8 | AM8: 12 | AO8: 8 | AS8: =COUNTA(AG8:AP8) -> 4 | AU8: 10 | BE8: 13 | BG8: =COUNTA(AU8:BD8) -> 1 | BK8: 17 | BM8: 8 | BO8: =COUNTA(BI8:BN8) -> 2
B9: 신하영 | C9: 여 | D9: =SUM(Q9,AE9,AS9,BG9,BO9) -> 4 | G9: 20 | K9: 19 | M9: 19 | Q9: =COUNTA(E9:N9) -> 3 | W9: 19 | AE9: =COUNTA(S9:AB9) -> 1 | AS9: =COUNTA(AG9:AP9) -> 0 | BG9: =COUNTA(AU9:BD9) -> 0 | BO9: =COUNTA(BI9:BN9) -> 0 | BV9: 시간대별 출석인원 및 비율
B10: 정지우 | C10: 여 | D10: =SUM(Q10,AE10,AS10,BG10,BO10) -> 14 | G10: 20 | I10: 21 | M10: 21 | Q10: =COUNTA(E10:N10) -> 3 | S10: 21 | W10: 20 | Y10: 21 | AE10: =COUNTA(S10:AB10) -> 3 | AG10: 21 | AI10: 21 | AM10: 21 | AS10: =COUNTA(AG10:AP10) -> 3 | AU10: 21 | AY10: 21 | BA10: 11 | BG10: =COUNTA(AU10:BD10) -> 3 | BK10: 20 | BM10: 21 | BO10: =COUNTA(BI10:BN10) -> 2
B11: 곽상희 | C11: 여 | D11: =SUM(Q11,AE11,AS11,BG11,BO11) -> 1 | Q11: =COUNTA(E11:N11) -> 0 | AE11: =COUNTA(S11:AB11) -> 0 | AS11: =COUNTA(AG11:AP11) -> 0 | BC11: 18 | BG11: =COUNTA(AU11:BD11) -> 1 | BO11: =COUNTA(BI11:BN11) -> 0 | BV11: 1주차 | CA11: 수업료 계산 평균 인원
B12: 임성빈 | C12: 남 | D12: =SUM(Q12,AE12,AS12,BG12,BO12) -> 1 | Q12: =COUNTA(E12:N12) -> 0 | AE12: =COUNTA(S12:AB12) -> 0 | AS12: =COUNTA(AG12:AP12) -> 0 | BC12: 18 | BG12: =COUNTA(AU12:BD12) -> 1 | BO12: =COUNTA(BI12:BN12) -> 0 | BV12: 시간 | BW12: 출석인원 | BX12: % | BY12: 평균 | CA12: 시간 | CC12: 평균
B13: 이난영 | C13: 여 | D13: =SUM(Q13,AE13,AS13,BG13,BO13) -> 0 | Q13: =COUNTA(E13:N13) -> 0 | AE13: =COUNTA(S13:AB13) -> 0 | AS13: =COUNTA(AG13:AP13) -> 0 | BG13: =COUNTA(AU13:BD13) -> 0 | BO13: =COUNTA(BI13:BN13) -> 0 | BV13: 7 | BW13: =IFERROR(__xludf.DUMMYFUNCTION("COUNTIF(MAP($E$8:$N$500,LAMBDA(c,IF(TRIM(c)="""","""",MIN(VALUE(SPLIT(SUBSTITUTE(SUBSTITUTE(SUBSTITUTE(c,"" "",""""),""，"","",""),"";"","",""),"","")))))),BV13)"),10) -> 10 | BX13: =BW13/SUM($BW$13:$BW$22)*100 -> 4.4843049 | BY13: =BW13/$BW$3 -> 2 | CA13: 7 | CC13: =ROUND(SUM(BW13,BW27,BW41,BW55,BW69)/22,0) -> 2
B14: 이지현 | C14: 여 | D14: =SUM(Q14,AE14,AS14,BG14,BO14) -> 11 | E14: 21 | G14: 21 | M14: 18 | Q14: =COUNTA(E14:N14) -> 3 | S14: 19 | U14: 21 | W14: 20 | AE14: =COUNTA(S14:AB14) -> 3 | AI14: 21 | AK14: 21 | AS14: =COUNTA(AG14:AP14) -> 2 | AU14: 20 | AW14: 21 | BA14: 11 | BG14: =COUNTA(AU14:BD14) -> 3 | BO14: =COUNTA(BI14:BN14) -> 0 | BV14: 8 | BW14: =IFERROR(__xludf.DUMMYFUNCTION("COUNTIF(MAP($E$8:$N$500,LAMBDA(c,IF(TRIM(c)="""","""",MIN(VALUE(SPLIT(SUBSTITUTE(SUBSTITUTE(SUBSTITUTE(c,"" "",""""),""，"","",""),"";"","",""),"","")))))),BV14)"),19) -> 19 | BX14: =BW14/SUM($BW$13:$BW$22)*100 -> 8.5201794 | BY14: =BW14/$BW$3 -> 3.8 | CA14: 8 | CC14: =ROUND(SUM(BW14,BW28,BW42,BW56,BW70)/22,0) -> 3
B15: 정유찬 | C15: 남 | D15: =SUM(Q15,AE15,AS15,BG15,BO15) -> 3 | Q15: =COUNTA(E15:N15) -> 0 | AE15: =COUNTA(S15:AB15) -> 0 | AS15: =COUNTA(AG15:AP15) -> 0 | AU15: 20 | BG15: =COUNTA(AU15:BD15) -> 1 | BI15: 20 | BM15: 19 | BO15: =COUNTA(BI15:BN15) -> 2 | BV15: 10 | BW15: =IFERROR(__xludf.DUMMYFUNCTION("COUNTIF(MAP($E$8:$N$500,LAMBDA(c,IF(TRIM(c)="""","""",MIN(VALUE(SPLIT(SUBSTITUTE(SUBSTITUTE(SUBSTITUTE(c,"" "",""""),""，"","",""),"";"","",""),"","")))))),BV15)"),35) -> 35 | BX15: =BW15/SUM($BW$13:$BW$22)*100 -> 15.695067 | BY15: =BW15/$BW$3 -> 7 | CA15: 10 | CC15: =ROUND(SUM(BW15,BW29,BW43,BW57,BW71)/22,0) -> 7
B16: 전용순 | C16: 여 | D16: =SUM(Q16,AE16,AS16,BG16,BO16) -> 18 | E16: 17 | I16: 17 | K16: 17 | M16: 17 | Q16: =COUNTA(E16:N16) -> 4 | S16: 17 | U16: 17 | W16: 17 | Y16: 17 | AA16: 17 | AE16: =COUNTA(S16:AB16) -> 5 | AG16: 17 | AI16: 17 | AK16: 17 | AM16: 17 | AO16: 17 | AS16: =COUNTA(AG16:AP16) -> 5 | AU16: 17 | AY16: 17 | BC16: 17 | BG16: =COUNTA(AU16:BD16) -> 3 | BI16: 17 | BO16: =COUNTA(BI16:BN16) -> 1 | BV16: 12 | BW16: =IFERROR(__xludf.DUMMYFUNCTION("COUNTIF(MAP($E$8:$N$500,LAMBDA(c,IF(TRIM(c)="""","""",MIN(VALUE(SPLIT(SUBSTITUTE(SUBSTITUTE(SUBSTITUTE(c,"" "",""""),""，"","",""),"";"","",""),"","")))))),BV16)"),21) -> 21 | BX16: =BW16/SUM($BW$13:$BW$22)*100 -> 9.4170404 | BY16: =BW16/$BW$3 -> 4.2 | CA16: 12 | CC16: =ROUND(SUM(BW16,BW30,BW44,BW58,BW72)/22,0) -> 4
B17: 김용희 | C17: 남 | D17: =SUM(Q17,AE17,AS17,BG17,BO17) -> 0 | Q17: =COUNTA(E17:N17) -> 0 | AE17: =COUNTA(S17:AB17) -> 0 | AS17: =COUNTA(AG17:AP17) -> 0 | BG17: =COUNTA(AU17:BD17) -> 0 | BO17: =COUNTA(BI17:BN17) -> 0 | BV17: 17 | BW17: =IFERROR(__xludf.DUMMYFUNCTION("COUNTIF(MAP($E$8:$N$500,LAMBDA(c,IF(TRIM(c)="""","""",MIN(VALUE(SPLIT(SUBSTITUTE(SUBSTITUTE(SUBSTITUTE(c,"" "",""""),""，"","",""),"";"","",""),"","")))))),BV17)"),33) -> 33 | BX17: =BW17/SUM($BW$13:$BW$22)*100 -> 14.798206 | BY17: =BW17/$BW$3 -> 6.6 | CA17: 17 | CC17: =ROUND(SUM(BW17,BW31,BW45,BW59,BW73)/22,0) -> 6
B18: 황서영 | C18: 여 | D18: =SUM(Q18,AE18,AS18,BG18,BO18) -> 8 | E18: 17 | I18: 17 | M18: 17 | Q18: =COUNTA(E18:N18) -> 3 | U18: 17 | W18: 17 | Y18: 17 | AE18: =COUNTA(S18:AB18) -> 3 | AG18: 17 | AS18: =COUNTA(AG18:AP18) -> 1 | AY18: 17 | BG18: =COUNTA(AU18:BD18) -> 1 | BO18: =COUNTA(BI18:BN18) -> 0 | BV18: 18 | BW18: =IFERROR(__xludf.DUMMYFUNCTION("COUNTIF(MAP($E$8:$N$500,LAMBDA(c,IF(TRIM(c)="""","""",MIN(VALUE(SPLIT(SUBSTITUTE(SUBSTITUTE(SUBSTITUTE(c,"" "",""""),""，"","",""),"";"","",""),"","")))))),BV18)"),17) -> 17 | BX18: =BW18/SUM($BW$13:$BW$22)*100 -> 7.6233184 | BY18: =BW18/$BW$3 -> 3.4 | CA18: 18 | CC18: =ROUND(SUM(BW18,BW32,BW46,BW60,BW74)/22,0) -> 4
B19: 박유나 | C19: 여 | D19: =SUM(Q19,AE19,AS19,BG19,BO19) -> 3 | Q19: =COUNTA(E19:N19) -> 0 | W19: 7 | AE19: =COUNTA(S19:AB19) -> 1 | AI19: 7 | AS19: =COUNTA(AG19:AP19) -> 1 | AU19: 7 | BG19: =COUNTA(AU19:BD19) -> 1 | BO19: =COUNTA(BI19:BN19) -> 0 | BV19: 19 | BW19: =IFERROR(__xludf.DUMMYFUNCTION("COUNTIF(MAP($E$8:$N$500,LAMBDA(c,IF(TRIM(c)="""","""",MIN(VALUE(SPLIT(SUBSTITUTE(SUBSTITUTE(SUBSTITUTE(c,"" "",""""),""，"","",""),"";"","",""),"","")))))),BV19)"),21) -> 21 | BX19: =BW19/SUM($BW$13:$BW$22)*100 -> 9.4170404 | BY19: =BW19/$BW$3 -> 4.2 | CA19: 19 | CC19: =ROUND(SUM(BW19,BW33,BW47,BW61,BW75)/22,0) -> 6
B20: 김지윤 | C20: 여 | D20: =SUM(Q20,AE20,AS20,BG20,BO20) -> 8 | E20: 20 | G20: 10 | Q20: =COUNTA(E20:N20) -> 2 | Y20: 12 | AE20: =COUNTA(S20:AB20) -> 1 | AM20: 20 | AO20: 19 | AQ20: 11 | AS20: =COUNTA(AG20:AP20) -> 2 | AU20: 12 | BC20: 18 | BE20: 11 | BG20: =COUNTA(AU20:BD20) -> 2 | BI20: 20 | BO20: =COUNTA(BI20:BN20) -> 1 | BV20: 20 | BW20: =IFERROR(__xludf.DUMMYFUNCTION("COUNTIF(MAP($E$8:$N$500,LAMBDA(c,IF(TRIM(c)="""","""",MIN(VALUE(SPLIT(SUBSTITUTE(SUBSTITUTE(SUBSTITUTE(c,"" "",""""),""，"","",""),"";"","",""),"","")))))),BV20)"),34) -> 34 | BX20: =BW20/SUM($BW$13:$BW$22)*100 -> 15.246637 | BY20: =BW20/$BW$3 -> 6.8 | CA20: 20 | CC20: =ROUND(SUM(BW20,BW34,BW48,BW62,BW76)/22,0) -> 6
B21: 오현옥 | C21: 여 | D21: =SUM(Q21,AE21,AS21,BG21,BO21) -> 0 | Q21: =COUNTA(E21:N21) -> 0 | AE21: =COUNTA(S21:AB21) -> 0 | AS21: =COUNTA(AG21:AP21) -> 0 | BG21: =COUNTA(AU21:BD21) -> 0 | BO21: =COUNTA(BI21:BN21) -> 0 | BV21: 21 | BW21: =IFERROR(__xludf.DUMMYFUNCTION("COUNTIF(MAP($E$8:$N$500,LAMBDA(c,IF(TRIM(c)="""","""",MIN(VALUE(SPLIT(SUBSTITUTE(SUBSTITUTE(SUBSTITUTE(c,"" "",""""),""，"","",""),"";"","",""),"","")))))),BV21)"),25) -> 25 | BX21: =BW21/SUM($BW$13:$BW$22)*100 -> 11.210762 | BY21: =BW21/$BW$3 -> 5 | CA21: 21 | CC21: =ROUND(SUM(BW21,BW35,BW49,BW63,BW77)/22,0) -> 5
B22: 박형선 | C22: 여 | D22: =SUM(Q22,AE22,AS22,BG22,BO22) -> 2 | I22: 20 | M22: 17 | Q22: =COUNTA(E22:N22) -> 2 | AE22: =COUNTA(S22:AB22) -> 0 | AS22: =COUNTA(AG22:AP22) -> 0 | BG22: =COUNTA(AU22:BD22) -> 0 | BO22: =COUNTA(BI22:BN22) -> 0 | BV22: 11 | BW22: =IFERROR(__xludf.DUMMYFUNCTION("COUNTIF(MAP($O$8:$P$500,LAMBDA(c,IF(TRIM(c)="""","""",MIN(VALUE(SPLIT(SUBSTITUTE(SUBSTITUTE(SUBSTITUTE(c,"" "",""""),""，"","",""),"";"","",""),"","")))))),BV22)"),8) -> 8 | BX22: - | BY22: =BW22 -> 8 | CA22: 11 | CC22: =ROUND(SUM(BW22,BW36,BW50,BW64,BW78)/4,0) -> 7
B23: 이자경 | C23: 여 | D23: =SUM(Q23,AE23,AS23,BG23,BO23) -> 4 | E23: 10 | M23: 17 | Q23: =COUNTA(E23:N23) -> 2 | S23: 10 | AE23: =COUNTA(S23:AB23) -> 1 | AS23: =COUNTA(AG23:AP23) -> 0 | BG23: =COUNTA(AU23:BD23) -> 0 | BK23: 10 | BO23: =COUNTA(BI23:BN23) -> 1 | BV23: 13 | BW23: =IFERROR(__xludf.DUMMYFUNCTION("COUNTIF(MAP($O$8:$P$500,LAMBDA(c,IF(TRIM(c)="""","""",MIN(VALUE(SPLIT(SUBSTITUTE(SUBSTITUTE(SUBSTITUTE(c,"" "",""""),""，"","",""),"";"","",""),"","")))))),BV23)"),5) -> 5 | BX23: - | BY23: =BW23 -> 5 | CA23: 13 | CC23: =ROUND(SUM(BW23,BW37,BW51,BW65,BW79)/4,0) -> 7
B24: 박현미 | C24: 여 | D24: =SUM(Q24,AE24,AS24,BG24,BO24) -> 21 | E24: 17 | G24: 17 | I24: 17 | K24: 17 | M24: 17 | Q24: =COUNTA(E24:N24) -> 5 | S24: 17 | U24: 17 | W24: 12 | Y24: 17 | AA24: 17 | AE24: =COUNTA(S24:AB24) -> 5 | AG24: 17 | AI24: 17 | AK24: 17 | AM24: 17 | AO24: 17 | AS24: =COUNTA(AG24:AP24) -> 5 | AU24: 17 | AW24: 10 | AY24: 17 | BG24: =COUNTA(AU24:BD24) -> 3 | BI24: 18 | BK24: 17 | BM24: 10 | BO24: =COUNTA(BI24:BN24) -> 3
B25: 김수현 | C25: 여 | D25: =SUM(Q25,AE25,AS25,BG25,BO25) -> 2 | Q25: =COUNTA(E25:N25) -> 0 | AE25: =COUNTA(S25:AB25) -> 0 | AS25: =COUNTA(AG25:AP25) -> 0 | AU25: 18 | BG25: =COUNTA(AU25:BD25) -> 1 | BI25: 10 | BO25: =COUNTA(BI25:BN25) -> 1 | BV25: 2주차
B26: 고경민 | C26: 여 | D26: =SUM(Q26,AE26,AS26,BG26,BO26) -> 10 | E26: 17 | G26: 12 | K26: 17 | Q26: =COUNTA(E26:N26) -> 3 | U26: 17 | W26: 17 | AE26: =COUNTA(S26:AB26) -> 2 | AS26: =COUNTA(AG26:AP26) -> 0 | AU26: 17 | AW26: 17 | BG26: =COUNTA(AU26:BD26) -> 2 | BI26: 17 | BK26: 12 | BM26: 12 | BO26: =COUNTA(BI26:BN26) -> 3 | BV26: 시간 | BW26: 출석인원 | BX26: % | BY26: 평균
B27: 강세철 | C27: 남 | D27: =SUM(Q27,AE27,AS27,BG27,BO27) -> 8 | E27: 10 | I27: 10 | Q27: =COUNTA(E27:N27) -> 2 | S27: 10 | AE27: =COUNTA(S27:AB27) -> 1 | AK27: 10 | AO27: 10 | AS27: =COUNTA(AG27:AP27) -> 2 | AY27: 10 | BG27: =COUNTA(AU27:BD27) -> 1 | BI27: 10 | BM27: 10 | BO27: =COUNTA(BI27:BN27) -> 2 | BV27: 7 | BW27: =IFERROR(__xludf.DUMMYFUNCTION("COUNTIF(MAP($S$8:$AB$500,LAMBDA(c,IF(TRIM(c)="""","""",MIN(VALUE(SPLIT(SUBSTITUTE(SUBSTITUTE(SUBSTITUTE(c,"" "",""""),""，"","",""),"";"","",""),"","")))))),BV27)"),10) -> 10 | BX27: =BW27/SUM($BW$27:$BW$36)*100 -> 4.4642857 | BY27: =BW27/$BW$4 -> 2
B28: 양정원 | C28: 여 | D28: =SUM(Q28,AE28,AS28,BG28,BO28) -> 0 | Q28: =COUNTA(E28:N28) -> 0 | AE28: =COUNTA(S28:AB28) -> 0 | AS28: =COUNTA(AG28:AP28) -> 0 | BG28: =COUNTA(AU28:BD28) -> 0 | BO28: =COUNTA(BI28:BN28) -> 0 | BV28: 8 | BW28: =IFERROR(__xludf.DUMMYFUNCTION("COUNTIF(MAP($S$8:$AB$500,LAMBDA(c,IF(TRIM(c)="""","""",MIN(VALUE(SPLIT(SUBSTITUTE(SUBSTITUTE(SUBSTITUTE(c,"" "",""""),""，"","",""),"";"","",""),"","")))))),BV28)"),17) -> 17 | BX28: =BW28/SUM($BW$27:$BW$36)*100 -> 7.5892857 | BY28: =BW28/$BW$4 -> 3.4
B29: 전다희 | C29: 여 | D29: =SUM(Q29,AE29,AS29,BG29,BO29) -> 0 | Q29: =COUNTA(E29:N29) -> 0 | AE29: =COUNTA(S29:AB29) -> 0 | AS29: =COUNTA(AG29:AP29) -> 0 | BG29: =COUNTA(AU29:BD29) -> 0 | BO29: =COUNTA(BI29:BN29) -> 0 | BV29: 10 | BW29: =IFERROR(__xludf.DUMMYFUNCTION("COUNTIF(MAP($S$8:$AB$500,LAMBDA(c,IF(TRIM(c)="""","""",MIN(VALUE(SPLIT(SUBSTITUTE(SUBSTITUTE(SUBSTITUTE(c,"" "",""""),""，"","",""),"";"","",""),"","")))))),BV29)"),30) -> 30 | BX29: =BW29/SUM($BW$27:$BW$36)*100 -> 13.392857 | BY29: =BW29/$BW$4 -> 6
B30: 김혜원 | C30: 여 | D30: =SUM(Q30,AE30,AS30,BG30,BO30) -> 8 | E30: 12 | I30: 12 | M30: 21 | Q30: =COUNTA(E30:N30) -> 3 | S30: 18 | U30: 8 | W30: 21 | Y30: 19 | AC30: 11 | AE30: =COUNTA(S30:AB30) -> 4 | AI30: 8 | AS30: =COUNTA(AG30:AP30) -> 1 | BG30: =COUNTA(AU30:BD30) -> 0 | BO30: =COUNTA(BI30:BN30) -> 0 | BV30: 12 | BW30: =IFERROR(__xludf.DUMMYFUNCTION("COUNTIF(MAP($S$8:$AB$500,LAMBDA(c,IF(TRIM(c)="""","""",MIN(VALUE(SPLIT(SUBSTITUTE(SUBSTITUTE(SUBSTITUTE(c,"" "",""""),""，"","",""),"";"","",""),"","")))))),BV30)"),16) -> 16 | BX30: =BW30/SUM($BW$27:$BW$36)*100 -> 7.1428571 | BY30: =BW30/$BW$4 -> 3.2
B31: 김혜민A | C31: 여 | D31: =SUM(Q31,AE31,AS31,BG31,BO31) -> 6 | E31: 12 | G31: 10 | Q31: =COUNTA(E31:N31) -> 2 | S31: 10 | AE31: =COUNTA(S31:AB31) -> 1 | AG31: 21 | AO31: 21 | AS31: =COUNTA(AG31:AP31) -> 2 | AY31: 21 | BE31: 11 | BG31: =COUNTA(AU31:BD31) -> 1 | BO31: =COUNTA(BI31:BN31) -> 0 | BV31: 17 | BW31: =IFERROR(__xludf.DUMMYFUNCTION("COUNTIF(MAP($S$8:$AB$500,LAMBDA(c,IF(TRIM(c)="""","""",MIN(VALUE(SPLIT(SUBSTITUTE(SUBSTITUTE(SUBSTITUTE(c,"" "",""""),""，"","",""),"";"","",""),"","")))))),BV31)"),35) -> 35 | BX31: =BW31/SUM($BW$27:$BW$36)*100 -> 15.625 | BY31: =BW31/$BW$4 -> 7
B32: 임순란 | C32: 여 | D32: =SUM(Q32,AE32,AS32,BG32,BO32) -> 0 | Q32: =COUNTA(E32:N32) -> 0 | AE32: =COUNTA(S32:AB32) -> 0 | AS32: =COUNTA(AG32:AP32) -> 0 | BG32: =COUNTA(AU32:BD32) -> 0 | BO32: =COUNTA(BI32:BN32) -> 0 | BV32: 18 | BW32: =IFERROR(__xludf.DUMMYFUNCTION("COUNTIF(MAP($S$8:$AB$500,LAMBDA(c,IF(TRIM(c)="""","""",MIN(VALUE(SPLIT(SUBSTITUTE(SUBSTITUTE(SUBSTITUTE(c,"" "",""""),""，"","",""),"";"","",""),"","")))))),BV32)"),20) -> 20 | BX32: =BW32/SUM($BW$27:$BW$36)*100 -> 8.9285714 | BY32: =BW32/$BW$4 -> 4
B33: 권현진 | C33: 여 | D33: =SUM(Q33,AE33,AS33,BG33,BO33) -> 5 | M33: 12 | Q33: =COUNTA(E33:N33) -> 1 | S33: 12 | AE33: =COUNTA(S33:AB33) -> 1 | AM33: 10 | AS33: =COUNTA(AG33:AP33) -> 1 | AW33: 12 | BG33: =COUNTA(AU33:BD33) -> 1 | BI33: 12 | BO33: =COUNTA(BI33:BN33) -> 1 | BV33: 19 | BW33: =IFERROR(__xludf.DUMMYFUNCTION("COUNTIF(MAP($S$8:$AB$500,LAMBDA(c,IF(TRIM(c)="""","""",MIN(VALUE(SPLIT(SUBSTITUTE(SUBSTITUTE(SUBSTITUTE(c,"" "",""""),""，"","",""),"";"","",""),"","")))))),BV33)"),28) -> 28 | BX33: =BW33/SUM($BW$27:$BW$36)*100 -> 12.5 | BY33: =BW33/$BW$4 -> 5.6
B34: 권항주 | C34: 여 | D34: =SUM(Q34,AE34,AS34,BG34,BO34) -> 12 | E34: 10 | G34: 10 | M34: 10 | Q34: =COUNTA(E34:N34) -> 3 | U34: 10 | AE34: =COUNTA(S34:AB34) -> 1 | AG34: 17 | AI34: 17 | AM34: 17 | AO34: 17 | AS34: =COUNTA(AG34:AP34) -> 4 | AU34: 17 | BC34: 17 | BG34: =COUNTA(AU34:BD34) -> 2 | BI34: 17 | BK34: 19 | BO34: =COUNTA(BI34:BN34) -> 2 | BV34: 20 | BW34: =IFERROR(__xludf.DUMMYFUNCTION("COUNTIF(MAP($S$8:$AB$500,LAMBDA(c,IF(TRIM(c)="""","""",MIN(VALUE(SPLIT(SUBSTITUTE(SUBSTITUTE(SUBSTITUTE(c,"" "",""""),""，"","",""),"";"","",""),"","")))))),BV34)"),33) -> 33 | BX34: =BW34/SUM($BW$27:$BW$36)*100 -> 14.732143 | BY34: =BW34/$BW$4 -> 6.6
B35: 구영주 | C35: 여 | D35: =SUM(Q35,AE35,AS35,BG35,BO35) -> 7 | E35: 17 | G35: 12 | Q35: =COUNTA(E35:N35) -> 2 | U35: 17 | AE35: =COUNTA(S35:AB35) -> 1 | AI35: 18 | AK35: 17 | AO35: 12 | AS35: =COUNTA(AG35:AP35) -> 3 | BG35: =COUNTA(AU35:BD35) -> 0 | BO35: =COUNTA(BI35:BN35) -> 1 | BV35: 21 | BW35: =IFERROR(__xludf.DUMMYFUNCTION("COUNTIF(MAP($S$8:$AB$500,LAMBDA(c,IF(TRIM(c)="""","""",MIN(VALUE(SPLIT(SUBSTITUTE(SUBSTITUTE(SUBSTITUTE(c,"" "",""""),""，"","",""),"";"","",""),"","")))))),BV35)"),27) -> 27 | BX35: =BW35/SUM($BW$27:$BW$36)*100 -> 12.053571 | BY35: =BW35/$BW$4 -> 5.4
B36: 최윤정 | C36: 여 | D36: =SUM(Q36,AE36,AS36,BG36,BO36) -> 10 | E36: 12 | I36: 12 | M36: 17 | Q36: =COUNTA(E36:N36) -> 3 | S36: 12 | W36: 12 | AA36: 10 | AE36: =COUNTA(S36:AB36) -> 3 | AG36: 12 | AS36: =COUNTA(AG36:AP36) -> 1 | AU36: 12 | AY36: 12 | BG36: =COUNTA(AU36:BD36) -> 2 | BM36: 12 | BO36: =COUNTA(BI36:BN36) -> 1 | BV36: 11 | BW36: =IFERROR(__xludf.DUMMYFUNCTION("COUNTIF(MAP($AC$8:$AD$500,LAMBDA(c,IF(TRIM(c)="""","""",MIN(VALUE(SPLIT(SUBSTITUTE(SUBSTITUTE(SUBSTITUTE(c,"" "",""""),""，"","",""),"";"","",""),"","")))))),BV36)"),8) -> 8 | BX36: - | BY36: =BW36 -> 8
B37: 김승주 | C37: 여 | D37: =SUM(Q37,AE37,AS37,BG37,BO37) -> 0 | Q37: =COUNTA(E37:N37) -> 0 | AE37: =COUNTA(S37:AB37) -> 0 | AS37: =COUNTA(AG37:AP37) -> 0 | BG37: =COUNTA(AU37:BD37) -> 0 | BO37: =COUNTA(BI37:BN37) -> 0 | BV37: 13 | BW37: =IFERROR(__xludf.DUMMYFUNCTION("COUNTIF(MAP($AC$8:$AD$500,LAMBDA(c,IF(TRIM(c)="""","""",MIN(VALUE(SPLIT(SUBSTITUTE(SUBSTITUTE(SUBSTITUTE(c,"" "",""""),""，"","",""),"";"","",""),"","")))))),BV37)"),8) -> 8 | BX37: - | BY37: =BW37 -> 8
B38: 신지영 | C38: 여 | D38: =SUM(Q38,AE38,AS38,BG38,BO38) -> 10 | E38: 12 | G38: 12 | I38: 12 | K38: 10 | M38: 17 | O38: 11 | Q38: =COUNTA(E38:N38) -> 5 | U38: 8 | AA38: 12 | AE38: =COUNTA(S38:AB38) -> 2 | AQ38: 13 | AS38: =COUNTA(AG38:AP38) -> 0 | AW38: 18 | BC38: 7 | BE38: 13 | BG38: =COUNTA(AU38:BD38) -> 2 | BK38: 17 | BO38: =COUNTA(BI38:BN38) -> 1
B39: 신미화 | C39: 여 | D39: =SUM(Q39,AE39,AS39,BG39,BO39) -> 12 | I39: 7 | K39: 7 | M39: 7 | Q39: =COUNTA(E39:N39) -> 3 | W39: 7 | AA39: 7 | AE39: =COUNTA(S39:AB39) -> 2 | AG39: 7 | AI39: 7 | AM39: 7 | AO39: 7 | AS39: =COUNTA(AG39:AP39) -> 4 | AY39: 7 | BG39: =COUNTA(AU39:BD39) -> 1 | BI39: 7 | BK39: 7 | BO39: =COUNTA(BI39:BN39) -> 2 | BV39: 3주차
B40: 박성수 | C40: 남 | D40: =SUM(Q40,AE40,AS40,BG40,BO40) -> 0 | Q40: =COUNTA(E40:N40) -> 0 | AE40: =COUNTA(S40:AB40) -> 0 | AS40: =COUNTA(AG40:AP40) -> 0 | BG40: =COUNTA(AU40:BD40) -> 0 | BO40: =COUNTA(BI40:BN40) -> 0 | BV40: 시간 | BW40: 출석인원 | BX40: % | BY40: 평균
B41: 박성화 | C41: 여 | D41: =SUM(Q41,AE41,AS41,BG41,BO41) -> 10 | I41: 17 | K41: 17 | Q41: =COUNTA(E41:N41) -> 2 | AC41: 13 | AE41: =COUNTA(S41:AB41) -> 0 | AK41: 17 | AO41: 17 | AS41: =COUNTA(AG41:AP41) -> 2 | AU41: 17 | AW41: 17 | AY41: 17 | BG41: =COUNTA(AU41:BD41) -> 3 | BI41: 19 | BK41: 19 | BM41: 19 | BO41: =COUNTA(BI41:BN41) -> 3 | BV41: 7 | BW41: =IFERROR(__xludf.DUMMYFUNCTION("COUNTIF(MAP($AG$8:$AP$500,LAMBDA(c,IF(TRIM(c)="""","""",MIN(VALUE(SPLIT(SUBSTITUTE(SUBSTITUTE(SUBSTITUTE(c,"" "",""""),""，"","",""),"";"","",""),"","")))))),BV41)"),10) -> 10 | BX41: =BW41/SUM($BW$41:$BW$50)*100 -> 4.5248869 | BY41: =BW41/$BW$5 -> 2
B42: 장은재 | C42: 여 | D42: =SUM(Q42,AE42,AS42,BG42,BO42) -> 12 | G42: 20 | I42: 20 | K42: 20 | M42: 20 | Q42: =COUNTA(E42:N42) -> 4 | S42: 20 | U42: 20 | W42: 20 | AA42: 19 | AE42: =COUNTA(S42:AB42) -> 4 | AK42: 19 | AM42: 19 | AS42: =COUNTA(AG42:AP42) -> 2 | AU42: 19 | AW42: 19 | BG42: =COUNTA(AU42:BD42) -> 2 | BO42: =COUNTA(BI42:BN42) -> 0 | BV42: 8 | BW42: =IFERROR(__xludf.DUMMYFUNCTION("COUNTIF(MAP($AG$8:$AP$500,LAMBDA(c,IF(TRIM(c)="""","""",MIN(VALUE(SPLIT(SUBSTITUTE(SUBSTITUTE(SUBSTITUTE(c,"" "",""""),""，"","",""),"";"","",""),"","")))))),BV42)"),19) -> 19 | BX42: =BW42/SUM($BW$41:$BW$50)*100 -> 8.5972851 | BY42: =BW42/$BW$5 -> 3.8
B43: 임채연 | C43: 여 | D43: =SUM(Q43,AE43,AS43,BG43,BO43) -> 3 | E43: 17 | Q43: =COUNTA(E43:N43) -> 1 | S43: 17 | AE43: =COUNTA(S43:AB43) -> 1 | AS43: =COUNTA(AG43:AP43) -> 0 | BG43: =COUNTA(AU43:BD43) -> 0 | BI43: 17 | BO43: =COUNTA(BI43:BN43) -> 1 | BV43: 10 | BW43: =IFERROR(__xludf.DUMMYFUNCTION("COUNTIF(MAP($AG$8:$AP$500,LAMBDA(c,IF(TRIM(c)="""","""",MIN(VALUE(SPLIT(SUBSTITUTE(SUBSTITUTE(SUBSTITUTE(c,"" "",""""),""，"","",""),"";"","",""),"","")))))),BV43)"),30) -> 30 | BX43: =BW43/SUM($BW$41:$BW$50)*100 -> 13.574661 | BY43: =BW43/$BW$5 -> 6
B44: 이라임 | C44: 여 | D44: =SUM(Q44,AE44,AS44,BG44,BO44) -> 1 | Q44: =COUNTA(E44:N44) -> 0 | W44: 17 | AE44: =COUNTA(S44:AB44) -> 1 | AS44: =COUNTA(AG44:AP44) -> 0 | BG44: =COUNTA(AU44:BD44) -> 0 | BO44: =COUNTA(BI44:BN44) -> 0 | BV44: 12 | BW44: =IFERROR(__xludf.DUMMYFUNCTION("COUNTIF(MAP($AG$8:$AP$500,LAMBDA(c,IF(TRIM(c)="""","""",MIN(VALUE(SPLIT(SUBSTITUTE(SUBSTITUTE(SUBSTITUTE(c,"" "",""""),""，"","",""),"";"","",""),"","")))))),BV44)"),16) -> 16 | BX44: =BW44/SUM($BW$41:$BW$50)*100 -> 7.239819 | BY44: =BW44/$BW$5 -> 3.2
B45: 김민경 | C45: 여 | D45: =SUM(Q45,AE45,AS45,BG45,BO45) -> 1 | G45: 19 | Q45: =COUNTA(E45:N45) -> 1 | AE45: =COUNTA(S45:AB45) -> 0 | AS45: =COUNTA(AG45:AP45) -> 0 | BG45: =COUNTA(AU45:BD45) -> 0 | BO45: =COUNTA(BI45:BN45) -> 0 | BV45: 17 | BW45: =IFERROR(__xludf.DUMMYFUNCTION("COUNTIF(MAP($AG$8:$AP$500,LAMBDA(c,IF(TRIM(c)="""","""",MIN(VALUE(SPLIT(SUBSTITUTE(SUBSTITUTE(SUBSTITUTE(c,"" "",""""),""，"","",""),"";"","",""),"","")))))),BV45)"),32) -> 32 | BX45: =BW45/SUM($BW$41:$BW$50)*100 -> 14.479638 | BY45: =BW45/$BW$5 -> 6.4
B46: 이영호 | C46: 남 | D46: =SUM(Q46,AE46,AS46,BG46,BO46) -> 0 | Q46: =COUNTA(E46:N46) -> 0 | AE46: =COUNTA(S46:AB46) -> 0 | AS46: =COUNTA(AG46:AP46) -> 0 | BG46: =COUNTA(AU46:BD46) -> 0 | BO46: =COUNTA(BI46:BN46) -> 0 | BV46: 18 | BW46: =IFERROR(__xludf.DUMMYFUNCTION("COUNTIF(MAP($AG$8:$AP$500,LAMBDA(c,IF(TRIM(c)="""","""",MIN(VALUE(SPLIT(SUBSTITUTE(SUBSTITUTE(SUBSTITUTE(c,"" "",""""),""，"","",""),"";"","",""),"","")))))),BV46)"),22) -> 22 | BX46: =BW46/SUM($BW$41:$BW$50)*100 -> 9.9547511 | BY46: =BW46/$BW$5 -> 4.4
B47: 이현정 | C47: 여 | D47: =SUM(Q47,AE47,AS47,BG47,BO47) -> 6 | I47: 21 | K47: 21 | Q47: =COUNTA(E47:N47) -> 2 | W47: 21 | AC47: 13 | AE47: =COUNTA(S47:AB47) -> 1 | AG47: 21 | AM47: 21 | AS47: =COUNTA(AG47:AP47) -> 2 | AU47: 21 | BG47: =COUNTA(AU47:BD47) -> 1 | BO47: =COUNTA(BI47:BN47) -> 0 | BV47: 19 | BW47: =IFERROR(__xludf.DUMMYFUNCTION("COUNTIF(MAP($AG$8:$AP$500,LAMBDA(c,IF(TRIM(c)="""","""",MIN(VALUE(SPLIT(SUBSTITUTE(SUBSTITUTE(SUBSTITUTE(c,"" "",""""),""，"","",""),"";"","",""),"","")))))),BV47)"),36) -> 36 | BX47: =BW47/SUM($BW$41:$BW$50)*100 -> 16.289593 | BY47: =BW47/$BW$5 -> 7.2
B48: 문미옥 | C48: 여 | D48: =SUM(Q48,AE48,AS48,BG48,BO48) -> 0 | Q48: =COUNTA(E48:N48) -> 0 | AE48: =COUNTA(S48:AB48) -> 0 | AS48: =COUNTA(AG48:AP48) -> 0 | BG48: =COUNTA(AU48:BD48) -> 0 | BO48: =COUNTA(BI48:BN48) -> 0 | BV48: 20 | BW48: =IFERROR(__xludf.DUMMYFUNCTION("COUNTIF(MAP($AG$8:$AP$500,LAMBDA(c,IF(TRIM(c)="""","""",MIN(VALUE(SPLIT(SUBSTITUTE(SUBSTITUTE(SUBSTITUTE(c,"" "",""""),""，"","",""),"";"","",""),"","")))))),BV48)"),23) -> 23 | BX48: =BW48/SUM($BW$41:$BW$50)*100 -> 10.40724 | BY48: =BW48/$BW$5 -> 4.6
B49: 김도희 | C49: 남 | D49: =SUM(Q49,AE49,AS49,BG49,BO49) -> 0 | Q49: =COUNTA(E49:N49) -> 0 | AE49: =COUNTA(S49:AB49) -> 0 | AS49: =COUNTA(AG49:AP49) -> 0 | BG49: =COUNTA(AU49:BD49) -> 0 | BO49: =COUNTA(BI49:BN49) -> 0 | BV49: 21 | BW49: =IFERROR(__xludf.DUMMYFUNCTION("COUNTIF(MAP($AG$8:$AP$500,LAMBDA(c,IF(TRIM(c)="""","""",MIN(VALUE(SPLIT(SUBSTITUTE(SUBSTITUTE(SUBSTITUTE(c,"" "",""""),""，"","",""),"";"","",""),"","")))))),BV49)"),30) -> 30 | BX49: =BW49/SUM($BW$41:$BW$50)*100 -> 13.574661 | BY49: =BW49/$BW$5 -> 6
B50: 안정민 | C50: 여 | D50: =SUM(Q50,AE50,AS50,BG50,BO50) -> 9 | E50: 19 | Q50: =COUNTA(E50:N50) -> 1 | U50: 20 | Y50: 20 | AE50: =COUNTA(S50:AB50) -> 2 | AK50: 21 | AO50: 21 | AQ50: 17 | AS50: =COUNTA(AG50:AP50) -> 2 | AU50: 20 | AY50: 18 | BE50: 11 | BG50: =COUNTA(AU50:BD50) -> 2 | BK50: 20 | BM50: 19 | BO50: =COUNTA(BI50:BN50) -> 2 | BV50: 11 | BW50: =IFERROR(__xludf.DUMMYFUNCTION("COUNTIF(MAP($AQ$8:$AR$500,LAMBDA(c,IF(TRIM(c)="""","""",MIN(VALUE(SPLIT(SUBSTITUTE(SUBSTITUTE(SUBSTITUTE(c,"" "",""""),""，"","",""),"";"","",""),"","")))))),BV50)"),3) -> 3 | BX50: =BW50/SUM($BW$41:$BW$50)*100 -> 1.3574661 | BY50: =BW50 -> 3
B51: 박선정 | C51: 여 | D51: =SUM(Q51,AE51,AS51,BG51,BO51) -> 1 | Q51: =COUNTA(E51:N51) -> 0 | AE51: =COUNTA(S51:AB51) -> 0 | AS51: =COUNTA(AG51:AP51) -> 0 | AU51: 20 | BG51: =COUNTA(AU51:BD51) -> 1 | BO51: =COUNTA(BI51:BN51) -> 0 | BV51: 13 | BW51: =IFERROR(__xludf.DUMMYFUNCTION("COUNTIF(MAP($AQ$8:$AR$500,LAMBDA(c,IF(TRIM(c)="""","""",MIN(VALUE(SPLIT(SUBSTITUTE(SUBSTITUTE(SUBSTITUTE(c,"" "",""""),""，"","",""),"";"","",""),"","")))))),BV51)"),4) -> 4 | BX51: =BW51/SUM($BW$41:$BW$50)*100 -> 1.8099548 | BY51: =BW51 -> 4
B52: 노홍주 | C52: 여 | D52: =SUM(Q52,AE52,AS52,BG52,BO52) -> 18 | E52: 19 | G52: 20 | I52: 20 | M52: 17 | Q52: =COUNTA(E52:N52) -> 4 | S52: 20 | U52: 20 | W52: 20 | Y52: 20 | AA52: 20 | AE52: =COUNTA(S52:AB52) -> 5 | AG52: 20 | AI52: 20 | AK52: 18 | AM52: 19 | AO52: 20 | AS52: =COUNTA(AG52:AP52) -> 5 | AW52: 20 | AY52: 19 | BG52: =COUNTA(AU52:BD52) -> 2 | BI52: 20 | BK52: 19 | BO52: =COUNTA(BI52:BN52) -> 2
B53: 이범수 | C53: 남 | D53: =SUM(Q53,AE53,AS53,BG53,BO53) -> 16 | E53: 10 | G53: 10 | K53: 10 | O53: 11 | Q53: =COUNTA(E53:N53) -> 3 | S53: 10 | U53: 19 | Y53: 18 | AA53: 18 | AC53: 11 | AE53: =COUNTA(S53:AB53) -> 4 | AG53: 19 | AK53: 17 | AO53: 19 | AS53: =COUNTA(AG53:AP53) -> 3 | AU53: 19 | AW53: 19 | AY53: 17 | BC53: 19 | BE53: 13 | BG53: =COUNTA(AU53:BD53) -> 4 | BK53: 19 | BM53: 18 | BO53: =COUNTA(BI53:BN53) -> 2 | BV53: 4주차
B54: 박슬기 | C54: 여 | D54: =SUM(Q54,AE54,AS54,BG54,BO54) -> 11 | E54: 21 | G54: 21 | K54: 8 | M54: 8 | Q54: =COUNTA(E54:N54) -> 4 | U54: 21 | W54: 8 | AE54: =COUNTA(S54:AB54) -> 2 | AG54: 18 | AM54: 8 | AO54: 8 | AS54: =COUNTA(AG54:AP54) -> 3 | AU54: 8 | BG54: =COUNTA(AU54:BD54) -> 1 | BI54: 8 | BO54: =COUNTA(BI54:BN54) -> 1 | BV54: 시간 | BW54: 인원 | BX54: % | BY54: 평균
B55: 김형석 | C55: 남 | D55: =SUM(Q55,AE55,AS55,BG55,BO55) -> 15 | G55: 20 | I55: 20 | K55: 20 | M55: 20 | O55: 11 | Q55: =COUNTA(E55:N55) -> 4 | S55: 20 | W55: 20 | Y55: 20 | AE55: =COUNTA(S55:AB55) -> 3 | AG55: 20 | AI55: 20 | AK55: 20 | AS55: =COUNTA(AG55:AP55) -> 3 | AW55: 20 | AY55: 20 | BA55: 11 | BG55: =COUNTA(AU55:BD55) -> 3 | BK55: 20 | BM55: 20 | BO55: =COUNTA(BI55:BN55) -> 2 | BV55: 7 | BW55: =IFERROR(__xludf.DUMMYFUNCTION("COUNTIF(MAP($AU$8:$BD$500,LAMBDA(c,IF(TRIM(c)="""","""",MIN(VALUE(SPLIT(SUBSTITUTE(SUBSTITUTE(SUBSTITUTE(c,"" "",""""),""，"","",""),"";"","",""),"","")))))),BV55)"),8) -> 8 | BX55: =BW55/SUM($BW$55:$BW$64)*100 -> 4.519774 | BY55: =BW55/$BW$6 -> 2
B56: 배소영 | C56: 여 | D56: =SUM(Q56,AE56,AS56,BG56,BO56) -> 0 | Q56: =COUNTA(E56:N56) -> 0 | AE56: =COUNTA(S56:AB56) -> 0 | AS56: =COUNTA(AG56:AP56) -> 0 | BG56: =COUNTA(AU56:BD56) -> 0 | BO56: =COUNTA(BI56:BN56) -> 0 | BV56: 8 | BW56: =IFERROR(__xludf.DUMMYFUNCTION("COUNTIF(MAP($AU$8:$BD$500,LAMBDA(c,IF(TRIM(c)="""","""",MIN(VALUE(SPLIT(SUBSTITUTE(SUBSTITUTE(SUBSTITUTE(c,"" "",""""),""，"","",""),"";"","",""),"","")))))),BV56)"),10) -> 10 | BX56: =BW56/SUM($BW$55:$BW$64)*100 -> 5.6497175 | BY56: =BW56/$BW$6 -> 2.5
B57: 김현화 | C57: 여 | D57: =SUM(Q57,AE57,AS57,BG57,BO57) -> 0 | Q57: =COUNTA(E57:N57) -> 0 | AE57: =COUNTA(S57:AB57) -> 0 | AS57: =COUNTA(AG57:AP57) -> 0 | BG57: =COUNTA(AU57:BD57) -> 0 | BO57: =COUNTA(BI57:BN57) -> 0 | BV57: 10 | BW57: =IFERROR(__xludf.DUMMYFUNCTION("COUNTIF(MAP($AU$8:$BD$500,LAMBDA(c,IF(TRIM(c)="""","""",MIN(VALUE(SPLIT(SUBSTITUTE(SUBSTITUTE(SUBSTITUTE(c,"" "",""""),""，"","",""),"";"","",""),"","")))))),BV57)"),29) -> 29 | BX57: =BW57/SUM($BW$55:$BW$64)*100 -> 16.384181 | BY57: =BW57/$BW$6 -> 7.25
B58: 이정순 | C58: 여 | D58: =SUM(Q58,AE58,AS58,BG58,BO58) -> 12 | E58: 10 | G58: 10 | M58: 10 | Q58: =COUNTA(E58:N58) -> 3 | S58: 10 | W58: 10 | AA58: 10 | AE58: =COUNTA(S58:AB58) -> 3 | AI58: 10 | AK58: 10 | AM58: 10 | AS58: =COUNTA(AG58:AP58) -> 3 | AU58: 10 | BC58: 10 | BG58: =COUNTA(AU58:BD58) -> 2 | BM58: 10 | BO58: =COUNTA(BI58:BN58) -> 1 | BV58: 12 | BW58: =IFERROR(__xludf.DUMMYFUNCTION("COUNTIF(MAP($AU$8:$BD$500,LAMBDA(c,IF(TRIM(c)="""","""",MIN(VALUE(SPLIT(SUBSTITUTE(SUBSTITUTE(SUBSTITUTE(c,"" "",""""),""，"","",""),"";"","",""),"","")))))),BV58)"),14) -> 14 | BX58: =BW58/SUM($BW$55:$BW$64)*100 -> 7.9096045 | BY58: =BW58/$BW$6 -> 3.5
B59: 이춘순 | C59: 여 | D59: =SUM(Q59,AE59,AS59,BG59,BO59) -> 13 | E59: 10 | G59: 10 | M59: 10 | Q59: =COUNTA(E59:N59) -> 3 | S59: 10 | W59: 10 | AA59: 10 | AE59: =COUNTA(S59:AB59) -> 3 | AI59: 10 | AK59: 10 | AS59: =COUNTA(AG59:AP59) -> 2 | AW59: 10 | AY59: 10 | BC59: 10 | BG59: =COUNTA(AU59:BD59) -> 3 | BI59: 10 | BM59: 10 | BO59: =COUNTA(BI59:BN59) -> 2 | BV59: 17 | BW59: =IFERROR(__xludf.DUMMYFUNCTION("COUNTIF(MAP($AU$8:$BD$500,LAMBDA(c,IF(TRIM(c)="""","""",MIN(VALUE(SPLIT(SUBSTITUTE(SUBSTITUTE(SUBSTITUTE(c,"" "",""""),""，"","",""),"";"","",""),"","")))))),BV59)"),29) -> 29 | BX59: =BW59/SUM($BW$55:$BW$64)*100 -> 16.384181 | BY59: =BW59/$BW$6 -> 7.25
B60: 정보경 | C60: 여 | D60: =SUM(Q60,AE60,AS60,BG60,BO60) -> 1 | Q60: =COUNTA(E60:N60) -> 0 | AE60: =COUNTA(S60:AB60) -> 0 | AS60: =COUNTA(AG60:AP60) -> 0 | AY60: 12 | BE60: 11 | BG60: =COUNTA(AU60:BD60) -> 1 | BO60: =COUNTA(BI60:BN60) -> 0 | BV60: 18 | BW60: =IFERROR(__xludf.DUMMYFUNCTION("COUNTIF(MAP($AU$8:$BD$500,LAMBDA(c,IF(TRIM(c)="""","""",MIN(VALUE(SPLIT(SUBSTITUTE(SUBSTITUTE(SUBSTITUTE(c,"" "",""""),""，"","",""),"";"","",""),"","")))))),BV60)"),18) -> 18 | BX60: =BW60/SUM($BW$55:$BW$64)*100 -> 10.169492 | BY60: =BW60/$BW$6 -> 4.5
B61: 윤영옥 | C61: 여 | D61: =SUM(Q61,AE61,AS61,BG61,BO61) -> 3 | G61: 12 | Q61: =COUNTA(E61:N61) -> 1 | U61: 12 | W61: 12 | AE61: =COUNTA(S61:AB61) -> 2 | AS61: =COUNTA(AG61:AP61) -> 0 | BG61: =COUNTA(AU61:BD61) -> 0 | BO61: =COUNTA(BI61:BN61) -> 0 | BV61: 19 | BW61: =IFERROR(__xludf.DUMMYFUNCTION("COUNTIF(MAP($AU$8:$BD$500,LAMBDA(c,IF(TRIM(c)="""","""",MIN(VALUE(SPLIT(SUBSTITUTE(SUBSTITUTE(SUBSTITUTE(c,"" "",""""),""，"","",""),"";"","",""),"","")))))),BV61)"),29) -> 29 | BX61: =BW61/SUM($BW$55:$BW$64)*100 -> 16.384181 | BY61: =BW61/$BW$6 -> 7.25
B62: 구은아 | C62: 여 | D62: =SUM(Q62,AE62,AS62,BG62,BO62) -> 1 | Q62: =COUNTA(E62:N62) -> 0 | AE62: =COUNTA(S62:AB62) -> 1 | AS62: =COUNTA(AG62:AP62) -> 0 | BG62: =COUNTA(AU62:BD62) -> 0 | BO62: =COUNTA(BI62:BN62) -> 0 | BV62: 20 | BW62: =IFERROR(__xludf.DUMMYFUNCTION("COUNTIF(MAP($AU$8:$BD$500,LAMBDA(c,IF(TRIM(c)="""","""",MIN(VALUE(SPLIT(SUBSTITUTE(SUBSTITUTE(SUBSTITUTE(c,"" "",""""),""，"","",""),"";"","",""),"","")))))),BV62)"),17) -> 17 | BX62: =BW62/SUM($BW$55:$BW$64)*100 -> 9.6045198 | BY62: =BW62/$BW$6 -> 4.25
B63: 정지영 | C63: 여 | D63: =SUM(Q63,AE63,AS63,BG63,BO63) -> 1 | Q63: =COUNTA(E63:N63) -> 0 | AE63: =COUNTA(S63:AB63) -> 0 | AS63: =COUNTA(AG63:AP63) -> 0 | BG63: =COUNTA(AU63:BD63) -> 0 | BK63: 10 | BO63: =COUNTA(BI63:BN63) -> 1 | BV63: 21 | BW63: =IFERROR(__xludf.DUMMYFUNCTION("COUNTIF(MAP($AU$8:$BD$500,LAMBDA(c,IF(TRIM(c)="""","""",MIN(VALUE(SPLIT(SUBSTITUTE(SUBSTITUTE(SUBSTITUTE(c,"" "",""""),""，"","",""),"";"","",""),"","")))))),BV63)"),13) -> 13 | BX63: =BW63/SUM($BW$55:$BW$64)*100 -> 7.3446328 | BY63: =BW63/$BW$6 -> 3.25
B64: 김혜순 | C64: 여 | D64: =SUM(Q64,AE64,AS64,BG64,BO64) -> 0 | Q64: =COUNTA(E64:N64) -> 0 | AE64: =COUNTA(S64:AB64) -> 0 | AS64: =COUNTA(AG64:AP64) -> 0 | BG64: =COUNTA(AU64:BD64) -> 0 | BO64: =COUNTA(BI64:BN64) -> 0 | BV64: 11 | BW64: =IFERROR(__xludf.DUMMYFUNCTION("COUNTIF(MAP($BE$8:$BF$500,LAMBDA(c,IF(TRIM(c)="""","""",MIN(VALUE(SPLIT(SUBSTITUTE(SUBSTITUTE(SUBSTITUTE(c,"" "",""""),""，"","",""),"";"","",""),"","")))))),BV64)"),10) -> 10 | BX64: - | BY64: =BW64 -> 10
B65: 진세현 | C65: 여 | D65: =SUM(Q65,AE65,AS65,BG65,BO65) -> 1 | G65: 12 | Q65: =COUNTA(E65:N65) -> 1 | AE65: =COUNTA(S65:AB65) -> 0 | AS65: =COUNTA(AG65:AP65) -> 0 | BG65: =COUNTA(AU65:BD65) -> 0 | BO65: =COUNTA(BI65:BN65) -> 0 | BV65: 13 | BW65: =IFERROR(__xludf.DUMMYFUNCTION("COUNTIF(MAP($BE$8:$BF$500,LAMBDA(c,IF(TRIM(c)="""","""",MIN(VALUE(SPLIT(SUBSTITUTE(SUBSTITUTE(SUBSTITUTE(c,"" "",""""),""，"","",""),"";"","",""),"","")))))),BV65)"),11) -> 11 | BX65: - | BY65: =BW65 -> 11
B66: 최인애 | C66: 여 | D66: =SUM(Q66,AE66,AS66,BG66,BO66) -> 6 | K66: 8 | M66: 8 | Q66: =COUNTA(E66:N66) -> 2 | S66: 20 | W66: 18 | Y66: 8 | AE66: =COUNTA(S66:AB66) -> 3 | AK66: 18 | AS66: =COUNTA(AG66:AP66) -> 1 | BE66: 13 | BG66: =COUNTA(AU66:BD66) -> 0 | BO66: =COUNTA(BI66:BN66) -> 0
B67: 황병욱 | C67: 남 | D67: =SUM(Q67,AE67,AS67,BG67,BO67) -> 7 | K67: 8 | M67: 8 | Q67: =COUNTA(E67:N67) -> 2 | S67: 20 | W67: 18 | Y67: 8 | AE67: =COUNTA(S67:AB67) -> 3 | AK67: 18 | AM67: 18 | AS67: =COUNTA(AG67:AP67) -> 2 | BE67: 13 | BG67: =COUNTA(AU67:BD67) -> 0 | BO67: =COUNTA(BI67:BN67) -> 0 | BV67: 5주차
B68: 김도하 | C68: 남 | D68: =SUM(Q68,AE68,AS68,BG68,BO68) -> 4 | G68: 20 | Q68: =COUNTA(E68:N68) -> 1 | Y68: 19 | AE68: =COUNTA(S68:AB68) -> 1 | AI68: 19 | AS68: =COUNTA(AG68:AP68) -> 1 | AW68: 19 | BG68: =COUNTA(AU68:BD68) -> 1 | BO68: =COUNTA(BI68:BN68) -> 0 | BV68: 시간 | BW68: 인원 | BX68: % | BY68: 평균
B69: 김혜민B | C69: 여 | D69: =SUM(Q69,AE69,AS69,BG69,BO69) -> 12 | E69: 18 | I69: 20 | M69: 20 | Q69: =COUNTA(E69:N69) -> 3 | W69: 20 | Y69: 20 | AE69: =COUNTA(S69:AB69) -> 2 | AG69: 19 | AK69: 10 | AM69: 21 | AS69: =COUNTA(AG69:AP69) -> 3 | AU69: 21 | AW69: 18 | AY69: 21 | BG69: =COUNTA(AU69:BD69) -> 3 | BK69: 18 | BO69: =COUNTA(BI69:BN69) -> 1 | BV69: 7 | BW69: =IFERROR(__xludf.DUMMYFUNCTION("COUNTIF(MAP($BI$8:$BN$500,LAMBDA(c,IF(TRIM(c)="""","""",MIN(VALUE(SPLIT(SUBSTITUTE(SUBSTITUTE(SUBSTITUTE(c,"" "",""""),""，"","",""),"";"","",""),"","")))))),BV69)"),4) -> 4 | BX69: =BW55/SUM($BW$69:$BW$77)*100 -> 6.4516129 | BY69: =BW69/$BW$7 -> 1.3333333
B70: 박태근 | C70: 남 | D70: =SUM(Q70,AE70,AS70,BG70,BO70) -> 1 | Q70: =COUNTA(E70:N70) -> 0 | AE70: =COUNTA(S70:AB70) -> 0 | AS70: =COUNTA(AG70:AP70) -> 0 | AY70: 20 | BG70: =COUNTA(AU70:BD70) -> 1 | BO70: =COUNTA(BI70:BN70) -> 0 | BV70: 8 | BW70: =IFERROR(__xludf.DUMMYFUNCTION("COUNTIF(MAP($BI$8:$BN$500,LAMBDA(c,IF(TRIM(c)="""","""",MIN(VALUE(SPLIT(SUBSTITUTE(SUBSTITUTE(SUBSTITUTE(c,"" "",""""),""，"","",""),"";"","",""),"","")))))),BV70)"),8) -> 8 | BX70: =BW56/SUM($BW$69:$BW$77)*100 -> 8.0645161 | BY70: =BW70/$BW$7 -> 2.6666667
B71: 조현아 | C71: 여 | D71: =SUM(Q71,AE71,AS71,BG71,BO71) -> 6 | G71: 10 | Q71: =COUNTA(E71:N71) -> 1 | AE71: =COUNTA(S71:AB71) -> 0 | AG71: 12 | AK71: 10 | AS71: =COUNTA(AG71:AP71) -> 2 | AU71: 10 | AW71: 10 | BE71: 13 | BG71: =COUNTA(AU71:BD71) -> 2 | BI71: 10 | BO71: =COUNTA(BI71:BN71) -> 1 | BV71: 10 | BW71: =IFERROR(__xludf.DUMMYFUNCTION("COUNTIF(MAP($BI$8:$BN$500,LAMBDA(c,IF(TRIM(c)="""","""",MIN(VALUE(SPLIT(SUBSTITUTE(SUBSTITUTE(SUBSTITUTE(c,"" "",""""),""，"","",""),"";"","",""),"","")))))),BV71)"),27) -> 27 | BX71: =BW57/SUM($BW$69:$BW$77)*100 -> 23.387097 | BY71: =BW71/$BW$7 -> 9
B72: 김희준 | C72: 남 | D72: =SUM(Q72,AE72,AS72,BG72,BO72) -> 4 | G72: 21 | O72: 11 | Q72: =COUNTA(E72:N72) -> 1 | W72: 21 | AC72: 13 | AE72: =COUNTA(S72:AB72) -> 1 | AS72: =COUNTA(AG72:AP72) -> 1 | BA72: 13 | BE72: 13 | BG72: =COUNTA(AU72:BD72) -> 1 | BO72: =COUNTA(BI72:BN72) -> 0 | BV72: 12 | BW72: =IFERROR(__xludf.DUMMYFUNCTION("COUNTIF(MAP($BI$8:$BN$500,LAMBDA(c,IF(TRIM(c)="""","""",MIN(VALUE(SPLIT(SUBSTITUTE(SUBSTITUTE(SUBSTITUTE(c,"" "",""""),""，"","",""),"";"","",""),"","")))))),BV72)"),13) -> 13 | BX72: =BW58/SUM($BW$69:$BW$77)*100 -> 11.290323 | BY72: =BW72/$BW$7 -> 4.3333333
B73: 이윤하 | C73: 여 | D73: =SUM(Q73,AE73,AS73,BG73,BO73) -> 13 | E73: 20 | I73: 19 | M73: 20 | O73: 13 | Q73: =COUNTA(E73:N73) -> 3 | S73: 20 | U73: 20 | Y73: 20 | AA73: 20 | AC73: 13 | AE73: =COUNTA(S73:AB73) -> 4 | AG73: 20 | AK73: 21 | AO73: 19 | AS73: =COUNTA(AG73:AP73) -> 3 | BA73: 11 | BC73: 19 | BG73: =COUNTA(AU73:BD73) -> 2 | BI73: 10 | BO73: =COUNTA(BI73:BN73) -> 1 | BV73: 17 | BW73: =IFERROR(__xludf.DUMMYFUNCTION("COUNTIF(MAP($BI$8:$BN$500,LAMBDA(c,IF(TRIM(c)="""","""",MIN(VALUE(SPLIT(SUBSTITUTE(SUBSTITUTE(SUBSTITUTE(c,"" "",""""),""，"","",""),"";"","",""),"","")))))),BV73)"),13) -> 13 | BX73: =BW59/SUM($BW$69:$BW$77)*100 -> 23.387097 | BY73: =BW73/$BW$7 -> 4.3333333
B74: 김도연 | C74: 여 | D74: =SUM(Q74,AE74,AS74,BG74,BO74) -> 4 | I74: 19 | M74: 20 | Q74: =COUNTA(E74:N74) -> 2 | S74: 21 | U74: 18 | AE74: =COUNTA(S74:AB74) -> 2 | AS74: =COUNTA(AG74:AP74) -> 0 | BG74: =COUNTA(AU74:BD74) -> 0 | BO74: =COUNTA(BI74:BN74) -> 0 | BV74: 18 | BW74: =IFERROR(__xludf.DUMMYFUNCTION("COUNTIF(MAP($BI$8:$BN$500,LAMBDA(c,IF(TRIM(c)="""","""",MIN(VALUE(SPLIT(SUBSTITUTE(SUBSTITUTE(SUBSTITUTE(c,"" "",""""),""，"","",""),"";"","",""),"","")))))),BV74)"),13) -> 13 | BX74: =BW60/SUM($BW$69:$BW$77)*100 -> 14.516129 | BY74: =BW74/$BW$7 -> 4.3333333
B75: 이선화 | C75: 여 | D75: =SUM(Q75,AE75,AS75,BG75,BO75) -> 6 | E75: 12 | M75: 17 | Q75: =COUNTA(E75:N75) -> 2 | S75: 12 | AA75: 10 | AE75: =COUNTA(S75:AB75) -> 2 | AG75: 1 | AS75: =COUNTA(AG75:AP75) -> 1 | AU75: 12 | BG75: =COUNTA(AU75:BD75) -> 1 | BO75: =COUNTA(BI75:BN75) -> 0 | BV75: 19 | BW75: =IFERROR(__xludf.DUMMYFUNCTION("COUNTIF(MAP($BI$8:$BN$500,LAMBDA(c,IF(TRIM(c)="""","""",MIN(VALUE(SPLIT(SUBSTITUTE(SUBSTITUTE(SUBSTITUTE(c,"" "",""""),""，"","",""),"";"","",""),"","")))))),BV75)"),20) -> 20 | BX75: =BW61/SUM($BW$69:$BW$77)*100 -> 23.387097 | BY75: =BW75/$BW$7 -> 6.6666667
B76: 이지영 | C76: 여 | D76: =SUM(Q76,AE76,AS76,BG76,BO76) -> 14 | E76: 12 | I76: 19 | K76: 21 | O76: 13 | Q76: =COUNTA(E76:N76) -> 3 | S76: 20 | U76: 12 | Y76: 10 | AE76: =COUNTA(S76:AB76) -> 3 | AI76: 18 | AK76: 18 | AM76: 18 | AS76: =COUNTA(AG76:AP76) -> 3 | AU76: 18 | AY76: 18 | BG76: =COUNTA(AU76:BD76) -> 2 | BI76: 18 | BK76: 21 | BM76: 21 | BO76: =COUNTA(BI76:BN76) -> 3 | BV76: 20 | BW76: =IFERROR(__xludf.DUMMYFUNCTION("COUNTIF(MAP($BI$8:$BN$500,LAMBDA(c,IF(TRIM(c)="""","""",MIN(VALUE(SPLIT(SUBSTITUTE(SUBSTITUTE(SUBSTITUTE(c,"" "",""""),""，"","",""),"";"","",""),"","")))))),BV76)"),18) -> 18 | BX76: =BW62/SUM($BW$69:$BW$77)*100 -> 13.709677 | BY76: =BW76/$BW$7 -> 6
B77: 조순녕 | C77: 남 | D77: =SUM(Q77,AE77,AS77,BG77,BO77) -> 18 | G77: 7 | K77: 8 | M77: 18 | O77: 13 | Q77: =COUNTA(E77:N77) -> 3 | S77: 20 | U77: 19 | W77: 18 | Y77: 18 | AC77: 13 | AE77: =COUNTA(S77:AB77) -> 4 | AG77: 19 | AI77: 17 | AO77: 18 | AQ77: 13 | AS77: =COUNTA(AG77:AP77) -> 3 | AU77: 19 | AW77: 19 | AY77: 20 | BA77: 11 | BC77: 21 | BE77: 11 | BG77: =COUNTA(AU77:BD77) -> 5 | BI77: 20 | BK77: 18 | BM77: 12 | BO77: =COUNTA(BI77:BN77) -> 3 | BV77: 21 | BW77: =IFERROR(__xludf.DUMMYFUNCTION("COUNTIF(MAP($BI$8:$BN$500,LAMBDA(c,IF(TRIM(c)="""","""",MIN(VALUE(SPLIT(SUBSTITUTE(SUBSTITUTE(SUBSTITUTE(c,"" "",""""),""，"","",""),"";"","",""),"","")))))),BV77)"),8) -> 8 | BX77: =BW63/SUM($BW$69:$BW$77)*100 -> 10.483871 | BY77: =BW77/$BW$7 -> 2.6666667
B78: 이우재 | C78: 남 | D78: =SUM(Q78,AE78,AS78,BG78,BO78) -> 5 | Q78: =COUNTA(E78:N78) -> 0 | Y78: 20 | AA78: 19 | AC78: 13 | AE78: =COUNTA(S78:AB78) -> 2 | AG78: 20 | AI78: 12 | AS78: =COUNTA(AG78:AP78) -> 2 | AU78: 19 | BG78: =COUNTA(AU78:BD78) -> 1 | BO78: =COUNTA(BI78:BN78) -> 0 | BV78: 11 | BW78: - | BX78: - | BY78: -
B79: 김미숙 | C79: 여 | D79: =SUM(Q79,AE79,AS79,BG79,BO79) -> 6 | E79: 19 | Q79: =COUNTA(E79:N79) -> 1 | U79: 21 | AC79: 11 | AE79: =COUNTA(S79:AB79) -> 1 | AG79: 19 | AK79: 19 | AS79: =COUNTA(AG79:AP79) -> 2 | AU79: 19 | BG79: =COUNTA(AU79:BD79) -> 1 | BI79: 19 | BO79: =COUNTA(BI79:BN79) -> 1 | BV79: 13 | BW79: - | BX79: - | BY79: -
B80: 이원섭 | C80: 남 | D80: =SUM(Q80,AE80,AS80,BG80,BO80) -> 0 | Q80: =COUNTA(E80:N80) -> 0 | AE80: =COUNTA(S80:AB80) -> 0 | AS80: =COUNTA(AG80:AP80) -> 0 | BG80: =COUNTA(AU80:BD80) -> 0 | BO80: =COUNTA(BI80:BN80) -> 0
B81: 이상희 | C81: 여 | D81: =SUM(Q81,AE81,AS81,BG81,BO81) -> 0 | Q81: =COUNTA(E81:N81) -> 0 | AE81: =COUNTA(S81:AB81) -> 0 | AS81: =COUNTA(AG81:AP81) -> 0 | BG81: =COUNTA(AU81:BD81) -> 0 | BO81: =COUNTA(BI81:BN81) -> 0
B82: 조귀윤 | C82: 여 | D82: =SUM(Q82,AE82,AS82,BG82,BO82) -> 6 | G82: 10 | K82: 10 | Q82: =COUNTA(E82:N82) -> 2 | U82: 10 | Y82: 10 | AE82: =COUNTA(S82:AB82) -> 2 | AI82: 10 | AS82: =COUNTA(AG82:AP82) -> 1 | AU82: 10 | BG82: =COUNTA(AU82:BD82) -> 1 | BO82: =COUNTA(BI82:BN82) -> 0
B83: 정일녀 | C83: 여 | D83: =SUM(Q83,AE83,AS83,BG83,BO83) -> 4 | E83: 17 | I83: 17 | Q83: =COUNTA(E83:N83) -> 2 | U83: 17 | AA83: 17 | AE83: =COUNTA(S83:AB83) -> 2 | AS83: =COUNTA(AG83:AP83) -> 0 | BG83: =COUNTA(AU83:BD83) -> 0 | BO83: =COUNTA(BI83:BN83) -> 0
B84: 최라인 | C84: 여 | D84: =SUM(Q84,AE84,AS84,BG84,BO84) -> 6 | Q84: =COUNTA(E84:N84) -> 0 | S84: 21 | U84: 21 | AA84: 21 | AE84: =COUNTA(S84:AB84) -> 3 | AI84: 17 | AM84: 21 | AS84: =COUNTA(AG84:AP84) -> 2 | AU84: 21 | BG84: =COUNTA(AU84:BD84) -> 1 | BO84: =COUNTA(BI84:BN84) -> 0
B85: 박지은 | C85: 여 | D85: =SUM(Q85,AE85,AS85,BG85,BO85) -> 0 | Q85: =COUNTA(E85:N85) -> 0 | AE85: =COUNTA(S85:AB85) -> 0 | AS85: =COUNTA(AG85:AP85) -> 0 | BG85: =COUNTA(AU85:BD85) -> 0 | BO85: =COUNTA(BI85:BN85) -> 0
B86: 우정원 | C86: 여 | D86: =SUM(Q86,AE86,AS86,BG86,BO86) -> 8 | G86: 18 | I86: 18 | Q86: =COUNTA(E86:N86) -> 2 | W86: 18 | Y86: 19 | AA86: 17 | AE86: =COUNTA(S86:AB86) -> 3 | AI86: 19 | AM86: 19 | AS86: =COUNTA(AG86:AP86) -> 2 | AU86: 19 | BG86: =COUNTA(AU86:BD86) -> 1 | BO86: =COUNTA(BI86:BN86) -> 0
B87: 김수진 | C87: 여 | D87: =SUM(Q87,AE87,AS87,BG87,BO87) -> 7 | E87: 20 | I87: 20 | M87: 20 | Q87: =COUNTA(E87:N87) -> 3 | S87: 20 | AA87: 20 | AE87: =COUNTA(S87:AB87) -> 2 | AS87: =COUNTA(AG87:AP87) -> 0 | BC87: 20 | BG87: =COUNTA(AU87:BD87) -> 1 | BK87: 20 | BO87: =COUNTA(BI87:BN87) -> 1
B88: 장진영 | C88: 여 | D88: =SUM(Q88,AE88,AS88,BG88,BO88) -> 0 | Q88: =COUNTA(E88:N88) -> 0 | AE88: =COUNTA(S88:AB88) -> 0 | AS88: =COUNTA(AG88:AP88) -> 0 | BG88: =COUNTA(AU88:BD88) -> 0 | BO88: =COUNTA(BI88:BN88) -> 0
B89: 권은주 | C89: 여 | D89: =SUM(Q89,AE89,AS89,BG89,BO89) -> 4 | Q89: =COUNTA(E89:N89) -> 0 | S89: 18 | U89: 18 | AE89: =COUNTA(S89:AB89) -> 2 | AG89: 18 | AS89: =COUNTA(AG89:AP89) -> 1 | BC89: 18 | BG89: =COUNTA(AU89:BD89) -> 1 | BO89: =COUNTA(BI89:BN89) -> 0
B90: 이유빈 | C90: 여 | D90: =SUM(Q90,AE90,AS90,BG90,BO90) -> 2 | K90: 21 | Q90: =COUNTA(E90:N90) -> 1 | W90: 21 | AE90: =COUNTA(S90:AB90) -> 1 | AS90: =COUNTA(AG90:AP90) -> 0 | BG90: =COUNTA(AU90:BD90) -> 0 | BO90: =COUNTA(BI90:BN90) -> 0
B91: 권기훈 | C91: 남 | D91: =SUM(Q91,AE91,AS91,BG91,BO91) -> 0 | Q91: =COUNTA(E91:N91) -> 0 | AE91: =COUNTA(S91:AB91) -> 0 | AS91: =COUNTA(AG91:AP91) -> 0 | BG91: =COUNTA(AU91:BD91) -> 0 | BO91: =COUNTA(BI91:BN91) -> 0
B92: 박혜진 | C92: 여 | D92: =SUM(Q92,AE92,AS92,BG92,BO92) -> 4 | E92: 20 | I92: 20 | Q92: =COUNTA(E92:N92) -> 2 | S92: 20 | AE92: =COUNTA(S92:AB92) -> 1 | AS92: =COUNTA(AG92:AP92) -> 0 | BG92: =COUNTA(AU92:BD92) -> 0 | BK92: 20 | BO92: =COUNTA(BI92:BN92) -> 1
B93: 윤태종 | C93: 남 | D93: =SUM(Q93,AE93,AS93,BG93,BO93) -> 0 | Q93: =COUNTA(E93:N93) -> 0 | AE93: =COUNTA(S93:AB93) -> 0 | AS93: =COUNTA(AG93:AP93) -> 0 | BG93: =COUNTA(AU93:BD93) -> 0 | BO93: =COUNTA(BI93:BN93) -> 0
B94: 김설리 | C94: 여 | D94: =SUM(Q94,AE94,AS94,BG94,BO94) -> 0 | Q94: =COUNTA(E94:N94) -> 0 | AE94: =COUNTA(S94:AB94) -> 0 | AS94: =COUNTA(AG94:AP94) -> 0 | BG94: =COUNTA(AU94:BD94) -> 0 | BO94: =COUNTA(BI94:BN94) -> 0
B95: 박성국 | C95: 남 | D95: =SUM(Q95,AE95,AS95,BG95,BO95) -> 12 | E95: 8 | G95: 21 | K95: 8 | M95: 8 | Q95: =COUNTA(E95:N95) -> 4 | S95: 17 | U95: 8 | AA95: 8 | AE95: =COUNTA(S95:AB95) -> 3 | AI95: 8 | AM95: 8 | AO95: 8 | AS95: =COUNTA(AG95:AP95) -> 3 | AU95: 12 | AY95: 8 | BG95: =COUNTA(AU95:BD95) -> 2 | BO95: =COUNTA(BI95:BN95) -> 0
B96: 윤예림 | C96: 여 | D96: =SUM(Q96,AE96,AS96,BG96,BO96) -> 5 | E96: 10 | G96: 12 | Q96: =COUNTA(E96:N96) -> 2 | S96: 12 | AA96: 12 | AE96: =COUNTA(S96:AB96) -> 2 | AK96: 12 | AS96: =COUNTA(AG96:AP96) -> 1 | BG96: =COUNTA(AU96:BD96) -> 0 | BO96: =COUNTA(BI96:BN96) -> 0
B97: 황희정 | C97: 여 | D97: =SUM(Q97,AE97,AS97,BG97,BO97) -> 0 | Q97: =COUNTA(E97:N97) -> 0 | AE97: =COUNTA(S97:AB97) -> 0 | AS97: =COUNTA(AG97:AP97) -> 0 | BG97: =COUNTA(AU97:BD97) -> 0 | BO97: =COUNTA(BI97:BN97) -> 0
B98: 이채연 | C98: 여 | D98: =SUM(Q98,AE98,AS98,BG98,BO98) -> 9 | E98: 19 | K98: 20 | M98: 19 | Q98: =COUNTA(E98:N98) -> 3 | S98: 19 | U98: 19 | Y98: 19 | AA98: 19 | AE98: =COUNTA(S98:AB98) -> 4 | AG98: 19 | AI98: 19 | AS98: =COUNTA(AG98:AP98) -> 2 | BG98: =COUNTA(AU98:BD98) -> 0 | BO98: =COUNTA(BI98:BN98) -> 0
B99: 김서현 | C99: 여 | D99: =SUM(Q99,AE99,AS99,BG99,BO99) -> 20 | E99: 7 | G99: 7 | I99: 7 | K99: 7 | M99: 7 | O99: 13 | Q99: =COUNTA(E99:N99) -> 5 | S99: 7 | U99: 7 | W99: 7 | Y99: 7 | AA99: 7 | AE99: =COUNTA(S99:AB99) -> 5 | AG99: 7 | AI99: 7 | AK99: 7 | AM99: 7 | AQ99: 11 | AS99: =COUNTA(AG99:AP99) -> 4 | AW99: 7 | AY99: 7 | BA99: 11 | BC99: 19 | BE99: 13 | BG99: =COUNTA(AU99:BD99) -> 4 | BI99: 20 | BM99: 19 | BO99: =COUNTA(BI99:BN99) -> 2
B100: 이지연 | C100: 여 | D100: =SUM(Q100,AE100,AS100,BG100,BO100) -> 2 | Q100: =COUNTA(E100:N100) -> 0 | AE100: =COUNTA(S100:AB100) -> 0 | AG100: 21 | AS100: =COUNTA(AG100:AP100) -> 1 | BG100: =COUNTA(AU100:BD100) -> 0 | BI100: 21 | BO100: =COUNTA(BI100:BN100) -> 1
...
